product,total_sales,date,region
pink morsel,1638.0,06/02/2018,north
pink morsel,1647.0,06/02/2018,south
pink morsel,1731.0,06/02/2018,east
pink morsel,1557.0,06/02/2018,west
pink morsel,1587.0,07/02/2018,north
pink morsel,1698.0,07/02/2018,south
pink morsel,1542.0,07/02/2018,east
pink morsel,1635.0,07/02/2018,west
pink morsel,1602.0,08/02/2018,north
pink morsel,1536.0,08/02/2018,south
pink morsel,1503.0,08/02/2018,east
pink morsel,1701.0,08/02/2018,west
pink morsel,1758.0,09/02/2018,north
pink morsel,1662.0,09/02/2018,south
pink morsel,1782.0,09/02/2018,east
pink morsel,1515.0,09/02/2018,west
pink morsel,1662.0,10/02/2018,north
pink morsel,1557.0,10/02/2018,south
pink morsel,1650.0,10/02/2018,east
pink morsel,1674.0,10/02/2018,west
pink morsel,1554.0,11/02/2018,north
pink morsel,1587.0,11/02/2018,south
pink morsel,1563.0,11/02/2018,east
pink morsel,1764.0,11/02/2018,west
pink morsel,1758.0,12/02/2018,north
pink morsel,1608.0,12/02/2018,south
pink morsel,1569.0,12/02/2018,east
pink morsel,1653.0,12/02/2018,west
pink morsel,1572.0,13/02/2018,north
pink morsel,1716.0,13/02/2018,south
pink morsel,1773.0,13/02/2018,east
pink morsel,1725.0,13/02/2018,west
pink morsel,1767.0,14/02/2018,north
pink morsel,1710.0,14/02/2018,south
pink morsel,1698.0,14/02/2018,east
pink morsel,1512.0,14/02/2018,west
pink morsel,1746.0,15/02/2018,north
pink morsel,1734.0,15/02/2018,south
pink morsel,1524.0,15/02/2018,east
pink morsel,1614.0,15/02/2018,west
pink morsel,1578.0,16/02/2018,north
pink morsel,1782.0,16/02/2018,south
pink morsel,1527.0,16/02/2018,east
pink morsel,1752.0,16/02/2018,west
pink morsel,1785.0,17/02/2018,north
pink morsel,1689.0,17/02/2018,south
pink morsel,1641.0,17/02/2018,east
pink morsel,1575.0,17/02/2018,west
pink morsel,1644.0,18/02/2018,north
pink morsel,1674.0,18/02/2018,south
pink morsel,1551.0,18/02/2018,east
pink morsel,1737.0,18/02/2018,west
pink morsel,1563.0,19/02/2018,north
pink morsel,1647.0,19/02/2018,south
pink morsel,1605.0,19/02/2018,east
pink morsel,1539.0,19/02/2018,west
pink morsel,1698.0,20/02/2018,north
pink morsel,1575.0,20/02/2018,south
pink morsel,1500.0,20/02/2018,east
pink morsel,1551.0,20/02/2018,west
pink morsel,1737.0,21/02/2018,north
pink morsel,1542.0,21/02/2018,south
pink morsel,1665.0,21/02/2018,east
pink morsel,1548.0,21/02/2018,west
pink morsel,1635.0,22/02/2018,north
pink morsel,1632.0,22/02/2018,south
pink morsel,1668.0,22/02/2018,east
pink morsel,1764.0,22/02/2018,west
pink morsel,1533.0,23/02/2018,north
pink morsel,1563.0,23/02/2018,south
pink morsel,1641.0,23/02/2018,east
pink morsel,1773.0,23/02/2018,west
pink morsel,1629.0,24/02/2018,north
pink morsel,1698.0,24/02/2018,south
pink morsel,1725.0,24/02/2018,east
pink morsel,1722.0,24/02/2018,west
pink morsel,1596.0,25/02/2018,north
pink morsel,1710.0,25/02/2018,south
pink morsel,1635.0,25/02/2018,east
pink morsel,1659.0,25/02/2018,west
pink morsel,1686.0,26/02/2018,north
pink morsel,1533.0,26/02/2018,south
pink morsel,1524.0,26/02/2018,east
pink morsel,1530.0,26/02/2018,west
pink morsel,1665.0,27/02/2018,north
pink morsel,1695.0,27/02/2018,south
pink morsel,1578.0,27/02/2018,east
pink morsel,1620.0,27/02/2018,west
pink morsel,1767.0,28/02/2018,north
pink morsel,1593.0,28/02/2018,south
pink morsel,1743.0,28/02/2018,east
pink morsel,1557.0,28/02/2018,west
pink morsel,1668.0,01/03/2018,north
pink morsel,1782.0,01/03/2018,south
pink morsel,1527.0,01/03/2018,east
pink morsel,1668.0,01/03/2018,west
pink morsel,1635.0,02/03/2018,north
pink morsel,1569.0,02/03/2018,south
pink morsel,1746.0,02/03/2018,east
pink morsel,1773.0,02/03/2018,west
pink morsel,1539.0,03/03/2018,north
pink morsel,1500.0,03/03/2018,south
pink morsel,1569.0,03/03/2018,east
pink morsel,1557.0,03/03/2018,west
pink morsel,1773.0,04/03/2018,north
pink morsel,1644.0,04/03/2018,south
pink morsel,1614.0,04/03/2018,east
pink morsel,1674.0,04/03/2018,west
pink morsel,1533.0,05/03/2018,north
pink morsel,1653.0,05/03/2018,south
pink morsel,1557.0,05/03/2018,east
pink morsel,1746.0,05/03/2018,west
pink morsel,1719.0,06/03/2018,north
pink morsel,1719.0,06/03/2018,south
pink morsel,1659.0,06/03/2018,east
pink morsel,1800.0,06/03/2018,west
pink morsel,1581.0,07/03/2018,north
pink morsel,1602.0,07/03/2018,south
pink morsel,1608.0,07/03/2018,east
pink morsel,1650.0,07/03/2018,west
pink morsel,1611.0,08/03/2018,north
pink morsel,1530.0,08/03/2018,south
pink morsel,1698.0,08/03/2018,east
pink morsel,1668.0,08/03/2018,west
pink morsel,1746.0,09/03/2018,north
pink morsel,1524.0,09/03/2018,south
pink morsel,1506.0,09/03/2018,east
pink morsel,1704.0,09/03/2018,west
pink morsel,1788.0,10/03/2018,north
pink morsel,1719.0,10/03/2018,south
pink morsel,1746.0,10/03/2018,east
pink morsel,1584.0,10/03/2018,west
pink morsel,1692.0,11/03/2018,north
pink morsel,1635.0,11/03/2018,south
pink morsel,1608.0,11/03/2018,east
pink morsel,1590.0,11/03/2018,west
pink morsel,1599.0,12/03/2018,north
pink morsel,1518.0,12/03/2018,south
pink morsel,1602.0,12/03/2018,east
pink morsel,1659.0,12/03/2018,west
pink morsel,1644.0,13/03/2018,north
pink morsel,1611.0,13/03/2018,south
pink morsel,1554.0,13/03/2018,east
pink morsel,1515.0,13/03/2018,west
pink morsel,1515.0,14/03/2018,north
pink morsel,1632.0,14/03/2018,south
pink morsel,1512.0,14/03/2018,east
pink morsel,1776.0,14/03/2018,west
pink morsel,1677.0,15/03/2018,north
pink morsel,1503.0,15/03/2018,south
pink morsel,1605.0,15/03/2018,east
pink morsel,1647.0,15/03/2018,west
pink morsel,1506.0,16/03/2018,north
pink morsel,1737.0,16/03/2018,south
pink morsel,1590.0,16/03/2018,east
pink morsel,1767.0,16/03/2018,west
pink morsel,1593.0,17/03/2018,north
pink morsel,1614.0,17/03/2018,south
pink morsel,1710.0,17/03/2018,east
pink morsel,1662.0,17/03/2018,west
pink morsel,1650.0,18/03/2018,north
pink morsel,1755.0,18/03/2018,south
pink morsel,1698.0,18/03/2018,east
pink morsel,1659.0,18/03/2018,west
pink morsel,1683.0,19/03/2018,north
pink morsel,1509.0,19/03/2018,south
pink morsel,1500.0,19/03/2018,east
pink morsel,1545.0,19/03/2018,west
pink morsel,1647.0,20/03/2018,north
pink morsel,1614.0,20/03/2018,south
pink morsel,1629.0,20/03/2018,east
pink morsel,1677.0,20/03/2018,west
pink morsel,1743.0,21/03/2018,north
pink morsel,1569.0,21/03/2018,south
pink morsel,1593.0,21/03/2018,east
pink morsel,1578.0,21/03/2018,west
pink morsel,1578.0,22/03/2018,north
pink morsel,1581.0,22/03/2018,south
pink morsel,1653.0,22/03/2018,east
pink morsel,1578.0,22/03/2018,west
pink morsel,1761.0,23/03/2018,north
pink morsel,1611.0,23/03/2018,south
pink morsel,1749.0,23/03/2018,east
pink morsel,1764.0,23/03/2018,west
pink morsel,1716.0,24/03/2018,north
pink morsel,1710.0,24/03/2018,south
pink morsel,1800.0,24/03/2018,east
pink morsel,1728.0,24/03/2018,west
pink morsel,1743.0,25/03/2018,north
pink morsel,1764.0,25/03/2018,south
pink morsel,1740.0,25/03/2018,east
pink morsel,1707.0,25/03/2018,west
pink morsel,1509.0,26/03/2018,north
pink morsel,1641.0,26/03/2018,south
pink morsel,1533.0,26/03/2018,east
pink morsel,1752.0,26/03/2018,west
pink morsel,1767.0,27/03/2018,north
pink morsel,1590.0,27/03/2018,south
pink morsel,1533.0,27/03/2018,east
pink morsel,1704.0,27/03/2018,west
pink morsel,1671.0,28/03/2018,north
pink morsel,1527.0,28/03/2018,south
pink morsel,1524.0,28/03/2018,east
pink morsel,1629.0,28/03/2018,west
pink morsel,1722.0,29/03/2018,north
pink morsel,1557.0,29/03/2018,south
pink morsel,1686.0,29/03/2018,east
pink morsel,1779.0,29/03/2018,west
pink morsel,1734.0,30/03/2018,north
pink morsel,1776.0,30/03/2018,south
pink morsel,1554.0,30/03/2018,east
pink morsel,1725.0,30/03/2018,west
pink morsel,1617.0,31/03/2018,north
pink morsel,1635.0,31/03/2018,south
pink morsel,1605.0,31/03/2018,east
pink morsel,1785.0,31/03/2018,west
pink morsel,1761.0,01/04/2018,north
pink morsel,1530.0,01/04/2018,south
pink morsel,1710.0,01/04/2018,east
pink morsel,1506.0,01/04/2018,west
pink morsel,1509.0,02/04/2018,north
pink morsel,1797.0,02/04/2018,south
pink morsel,1662.0,02/04/2018,east
pink morsel,1530.0,02/04/2018,west
pink morsel,1767.0,03/04/2018,north
pink morsel,1767.0,03/04/2018,south
pink morsel,1614.0,03/04/2018,east
pink morsel,1533.0,03/04/2018,west
pink morsel,1767.0,04/04/2018,north
pink morsel,1761.0,04/04/2018,south
pink morsel,1566.0,04/04/2018,east
pink morsel,1623.0,04/04/2018,west
pink morsel,1506.0,05/04/2018,north
pink morsel,1512.0,05/04/2018,south
pink morsel,1692.0,05/04/2018,east
pink morsel,1749.0,05/04/2018,west
pink morsel,1701.0,06/04/2018,north
pink morsel,1752.0,06/04/2018,south
pink morsel,1632.0,06/04/2018,east
pink morsel,1515.0,06/04/2018,west
pink morsel,1725.0,07/04/2018,north
pink morsel,1611.0,07/04/2018,south
pink morsel,1788.0,07/04/2018,east
pink morsel,1617.0,07/04/2018,west
pink morsel,1656.0,08/04/2018,north
pink morsel,1674.0,08/04/2018,south
pink morsel,1557.0,08/04/2018,east
pink morsel,1701.0,08/04/2018,west
pink morsel,1686.0,09/04/2018,north
pink morsel,1782.0,09/04/2018,south
pink morsel,1641.0,09/04/2018,east
pink morsel,1557.0,09/04/2018,west
pink morsel,1686.0,10/04/2018,north
pink morsel,1527.0,10/04/2018,south
pink morsel,1698.0,10/04/2018,east
pink morsel,1728.0,10/04/2018,west
pink morsel,1671.0,11/04/2018,north
pink morsel,1527.0,11/04/2018,south
pink morsel,1581.0,11/04/2018,east
pink morsel,1764.0,11/04/2018,west
pink morsel,1653.0,12/04/2018,north
pink morsel,1626.0,12/04/2018,south
pink morsel,1782.0,12/04/2018,east
pink morsel,1749.0,12/04/2018,west
pink morsel,1539.0,13/04/2018,north
pink morsel,1752.0,13/04/2018,south
pink morsel,1674.0,13/04/2018,east
pink morsel,1749.0,13/04/2018,west
pink morsel,1569.0,14/04/2018,north
pink morsel,1794.0,14/04/2018,south
pink morsel,1674.0,14/04/2018,east
pink morsel,1638.0,14/04/2018,west
pink morsel,1515.0,15/04/2018,north
pink morsel,1527.0,15/04/2018,south
pink morsel,1602.0,15/04/2018,east
pink morsel,1653.0,15/04/2018,west
pink morsel,1602.0,16/04/2018,north
pink morsel,1707.0,16/04/2018,south
pink morsel,1548.0,16/04/2018,east
pink morsel,1527.0,16/04/2018,west
pink morsel,1599.0,17/04/2018,north
pink morsel,1728.0,17/04/2018,south
pink morsel,1704.0,17/04/2018,east
pink morsel,1539.0,17/04/2018,west
pink morsel,1545.0,18/04/2018,north
pink morsel,1797.0,18/04/2018,south
pink morsel,1515.0,18/04/2018,east
pink morsel,1719.0,18/04/2018,west
pink morsel,1713.0,19/04/2018,north
pink morsel,1674.0,19/04/2018,south
pink morsel,1767.0,19/04/2018,east
pink morsel,1767.0,19/04/2018,west
pink morsel,1668.0,20/04/2018,north
pink morsel,1620.0,20/04/2018,south
pink morsel,1677.0,20/04/2018,east
pink morsel,1509.0,20/04/2018,west
pink morsel,1683.0,21/04/2018,north
pink morsel,1743.0,21/04/2018,south
pink morsel,1644.0,21/04/2018,east
pink morsel,1578.0,21/04/2018,west
pink morsel,1572.0,22/04/2018,north
pink morsel,1545.0,22/04/2018,south
pink morsel,1557.0,22/04/2018,east
pink morsel,1626.0,22/04/2018,west
pink morsel,1710.0,23/04/2018,north
pink morsel,1659.0,23/04/2018,south
pink morsel,1665.0,23/04/2018,east
pink morsel,1521.0,23/04/2018,west
pink morsel,1503.0,24/04/2018,north
pink morsel,1650.0,24/04/2018,south
pink morsel,1689.0,24/04/2018,east
pink morsel,1743.0,24/04/2018,west
pink morsel,1623.0,25/04/2018,north
pink morsel,1503.0,25/04/2018,south
pink morsel,1758.0,25/04/2018,east
pink morsel,1557.0,25/04/2018,west
pink morsel,1713.0,26/04/2018,north
pink morsel,1734.0,26/04/2018,south
pink morsel,1740.0,26/04/2018,east
pink morsel,1563.0,26/04/2018,west
pink morsel,1716.0,27/04/2018,north
pink morsel,1791.0,27/04/2018,south
pink morsel,1674.0,27/04/2018,east
pink morsel,1716.0,27/04/2018,west
pink morsel,1632.0,28/04/2018,north
pink morsel,1641.0,28/04/2018,south
pink morsel,1584.0,28/04/2018,east
pink morsel,1590.0,28/04/2018,west
pink morsel,1713.0,29/04/2018,north
pink morsel,1593.0,29/04/2018,south
pink morsel,1740.0,29/04/2018,east
pink morsel,1638.0,29/04/2018,west
pink morsel,1653.0,30/04/2018,north
pink morsel,1590.0,30/04/2018,south
pink morsel,1593.0,30/04/2018,east
pink morsel,1602.0,30/04/2018,west
pink morsel,1785.0,01/05/2018,north
pink morsel,1764.0,01/05/2018,south
pink morsel,1506.0,01/05/2018,east
pink morsel,1536.0,01/05/2018,west
pink morsel,1623.0,02/05/2018,north
pink morsel,1674.0,02/05/2018,south
pink morsel,1791.0,02/05/2018,east
pink morsel,1653.0,02/05/2018,west
pink morsel,1785.0,03/05/2018,north
pink morsel,1569.0,03/05/2018,south
pink morsel,1500.0,03/05/2018,east
pink morsel,1770.0,03/05/2018,west
pink morsel,1653.0,04/05/2018,north
pink morsel,1590.0,04/05/2018,south
pink morsel,1671.0,04/05/2018,east
pink morsel,1629.0,04/05/2018,west
pink morsel,1578.0,05/05/2018,north
pink morsel,1665.0,05/05/2018,south
pink morsel,1575.0,05/05/2018,east
pink morsel,1587.0,05/05/2018,west
pink morsel,1674.0,06/05/2018,north
pink morsel,1785.0,06/05/2018,south
pink morsel,1719.0,06/05/2018,east
pink morsel,1617.0,06/05/2018,west
pink morsel,1794.0,07/05/2018,north
pink morsel,1563.0,07/05/2018,south
pink morsel,1728.0,07/05/2018,east
pink morsel,1740.0,07/05/2018,west
pink morsel,1617.0,08/05/2018,north
pink morsel,1650.0,08/05/2018,south
pink morsel,1728.0,08/05/2018,east
pink morsel,1635.0,08/05/2018,west
pink morsel,1584.0,09/05/2018,north
pink morsel,1647.0,09/05/2018,south
pink morsel,1551.0,09/05/2018,east
pink morsel,1512.0,09/05/2018,west
pink morsel,1737.0,10/05/2018,north
pink morsel,1551.0,10/05/2018,south
pink morsel,1515.0,10/05/2018,east
pink morsel,1716.0,10/05/2018,west
pink morsel,1746.0,11/05/2018,north
pink morsel,1677.0,11/05/2018,south
pink morsel,1584.0,11/05/2018,east
pink morsel,1617.0,11/05/2018,west
pink morsel,1743.0,12/05/2018,north
pink morsel,1533.0,12/05/2018,south
pink morsel,1521.0,12/05/2018,east
pink morsel,1578.0,12/05/2018,west
pink morsel,1545.0,13/05/2018,north
pink morsel,1713.0,13/05/2018,south
pink morsel,1665.0,13/05/2018,east
pink morsel,1644.0,13/05/2018,west
pink morsel,1776.0,14/05/2018,north
pink morsel,1560.0,14/05/2018,south
pink morsel,1644.0,14/05/2018,east
pink morsel,1503.0,14/05/2018,west
pink morsel,1800.0,15/05/2018,north
pink morsel,1758.0,15/05/2018,south
pink morsel,1701.0,15/05/2018,east
pink morsel,1671.0,15/05/2018,west
pink morsel,1593.0,16/05/2018,north
pink morsel,1617.0,16/05/2018,south
pink morsel,1626.0,16/05/2018,east
pink morsel,1629.0,16/05/2018,west
pink morsel,1728.0,17/05/2018,north
pink morsel,1506.0,17/05/2018,south
pink morsel,1590.0,17/05/2018,east
pink morsel,1626.0,17/05/2018,west
pink morsel,1782.0,18/05/2018,north
pink morsel,1572.0,18/05/2018,south
pink morsel,1539.0,18/05/2018,east
pink morsel,1509.0,18/05/2018,west
pink morsel,1788.0,19/05/2018,north
pink morsel,1713.0,19/05/2018,south
pink morsel,1626.0,19/05/2018,east
pink morsel,1629.0,19/05/2018,west
pink morsel,1548.0,20/05/2018,north
pink morsel,1716.0,20/05/2018,south
pink morsel,1752.0,20/05/2018,east
pink morsel,1638.0,20/05/2018,west
pink morsel,1575.0,21/05/2018,north
pink morsel,1671.0,21/05/2018,south
pink morsel,1626.0,21/05/2018,east
pink morsel,1572.0,21/05/2018,west
pink morsel,1572.0,22/05/2018,north
pink morsel,1569.0,22/05/2018,south
pink morsel,1581.0,22/05/2018,east
pink morsel,1521.0,22/05/2018,west
pink morsel,1641.0,23/05/2018,north
pink morsel,1692.0,23/05/2018,south
pink morsel,1713.0,23/05/2018,east
pink morsel,1563.0,23/05/2018,west
pink morsel,1524.0,24/05/2018,north
pink morsel,1533.0,24/05/2018,south
pink morsel,1695.0,24/05/2018,east
pink morsel,1533.0,24/05/2018,west
pink morsel,1599.0,25/05/2018,north
pink morsel,1665.0,25/05/2018,south
pink morsel,1713.0,25/05/2018,east
pink morsel,1644.0,25/05/2018,west
pink morsel,1776.0,26/05/2018,north
pink morsel,1530.0,26/05/2018,south
pink morsel,1650.0,26/05/2018,east
pink morsel,1512.0,26/05/2018,west
pink morsel,1629.0,27/05/2018,north
pink morsel,1707.0,27/05/2018,south
pink morsel,1521.0,27/05/2018,east
pink morsel,1761.0,27/05/2018,west
pink morsel,1755.0,28/05/2018,north
pink morsel,1659.0,28/05/2018,south
pink morsel,1800.0,28/05/2018,east
pink morsel,1539.0,28/05/2018,west
pink morsel,1713.0,29/05/2018,north
pink morsel,1752.0,29/05/2018,south
pink morsel,1629.0,29/05/2018,east
pink morsel,1635.0,29/05/2018,west
pink morsel,1674.0,30/05/2018,north
pink morsel,1701.0,30/05/2018,south
pink morsel,1614.0,30/05/2018,east
pink morsel,1794.0,30/05/2018,west
pink morsel,1725.0,31/05/2018,north
pink morsel,1659.0,31/05/2018,south
pink morsel,1536.0,31/05/2018,east
pink morsel,1620.0,31/05/2018,west
pink morsel,1794.0,01/06/2018,north
pink morsel,1623.0,01/06/2018,south
pink morsel,1665.0,01/06/2018,east
pink morsel,1671.0,01/06/2018,west
pink morsel,1752.0,02/06/2018,north
pink morsel,1707.0,02/06/2018,south
pink morsel,1797.0,02/06/2018,east
pink morsel,1668.0,02/06/2018,west
pink morsel,1596.0,03/06/2018,north
pink morsel,1503.0,03/06/2018,south
pink morsel,1578.0,03/06/2018,east
pink morsel,1680.0,03/06/2018,west
pink morsel,1608.0,04/06/2018,north
pink morsel,1683.0,04/06/2018,south
pink morsel,1572.0,04/06/2018,east
pink morsel,1656.0,04/06/2018,west
pink morsel,1713.0,05/06/2018,north
pink morsel,1698.0,05/06/2018,south
pink morsel,1557.0,05/06/2018,east
pink morsel,1782.0,05/06/2018,west
pink morsel,1695.0,06/06/2018,north
pink morsel,1680.0,06/06/2018,south
pink morsel,1761.0,06/06/2018,east
pink morsel,1659.0,06/06/2018,west
pink morsel,1518.0,07/06/2018,north
pink morsel,1572.0,07/06/2018,south
pink morsel,1785.0,07/06/2018,east
pink morsel,1557.0,07/06/2018,west
pink morsel,1719.0,08/06/2018,north
pink morsel,1677.0,08/06/2018,south
pink morsel,1695.0,08/06/2018,east
pink morsel,1602.0,08/06/2018,west
pink morsel,1782.0,09/06/2018,north
pink morsel,1773.0,09/06/2018,south
pink morsel,1656.0,09/06/2018,east
pink morsel,1665.0,09/06/2018,west
pink morsel,1578.0,10/06/2018,north
pink morsel,1641.0,10/06/2018,south
pink morsel,1737.0,10/06/2018,east
pink morsel,1557.0,10/06/2018,west
pink morsel,1788.0,11/06/2018,north
pink morsel,1677.0,11/06/2018,south
pink morsel,1698.0,11/06/2018,east
pink morsel,1728.0,11/06/2018,west
pink morsel,1776.0,12/06/2018,north
pink morsel,1551.0,12/06/2018,south
pink morsel,1548.0,12/06/2018,east
pink morsel,1542.0,12/06/2018,west
pink morsel,1683.0,13/06/2018,north
pink morsel,1683.0,13/06/2018,south
pink morsel,1572.0,13/06/2018,east
pink morsel,1683.0,13/06/2018,west
pink morsel,1761.0,14/06/2018,north
pink morsel,1668.0,14/06/2018,south
pink morsel,1599.0,14/06/2018,east
pink morsel,1593.0,14/06/2018,west
pink morsel,1623.0,15/06/2018,north
pink morsel,1737.0,15/06/2018,south
pink morsel,1593.0,15/06/2018,east
pink morsel,1788.0,15/06/2018,west
pink morsel,1659.0,16/06/2018,north
pink morsel,1641.0,16/06/2018,south
pink morsel,1575.0,16/06/2018,east
pink morsel,1611.0,16/06/2018,west
pink morsel,1599.0,17/06/2018,north
pink morsel,1530.0,17/06/2018,south
pink morsel,1608.0,17/06/2018,east
pink morsel,1626.0,17/06/2018,west
pink morsel,1530.0,18/06/2018,north
pink morsel,1707.0,18/06/2018,south
pink morsel,1611.0,18/06/2018,east
pink morsel,1635.0,18/06/2018,west
pink morsel,1593.0,19/06/2018,north
pink morsel,1749.0,19/06/2018,south
pink morsel,1623.0,19/06/2018,east
pink morsel,1608.0,19/06/2018,west
pink morsel,1665.0,20/06/2018,north
pink morsel,1659.0,20/06/2018,south
pink morsel,1734.0,20/06/2018,east
pink morsel,1557.0,20/06/2018,west
pink morsel,1797.0,21/06/2018,north
pink morsel,1587.0,21/06/2018,south
pink morsel,1557.0,21/06/2018,east
pink morsel,1542.0,21/06/2018,west
pink morsel,1743.0,22/06/2018,north
pink morsel,1797.0,22/06/2018,south
pink morsel,1686.0,22/06/2018,east
pink morsel,1683.0,22/06/2018,west
pink morsel,1791.0,23/06/2018,north
pink morsel,1554.0,23/06/2018,south
pink morsel,1695.0,23/06/2018,east
pink morsel,1566.0,23/06/2018,west
pink morsel,1563.0,24/06/2018,north
pink morsel,1623.0,24/06/2018,south
pink morsel,1530.0,24/06/2018,east
pink morsel,1662.0,24/06/2018,west
pink morsel,1650.0,25/06/2018,north
pink morsel,1602.0,25/06/2018,south
pink morsel,1548.0,25/06/2018,east
pink morsel,1623.0,25/06/2018,west
pink morsel,1728.0,26/06/2018,north
pink morsel,1533.0,26/06/2018,south
pink morsel,1503.0,26/06/2018,east
pink morsel,1629.0,26/06/2018,west
pink morsel,1581.0,27/06/2018,north
pink morsel,1659.0,27/06/2018,south
pink morsel,1707.0,27/06/2018,east
pink morsel,1665.0,27/06/2018,west
pink morsel,1563.0,28/06/2018,north
pink morsel,1638.0,28/06/2018,south
pink morsel,1692.0,28/06/2018,east
pink morsel,1503.0,28/06/2018,west
pink morsel,1686.0,29/06/2018,north
pink morsel,1764.0,29/06/2018,south
pink morsel,1629.0,29/06/2018,east
pink morsel,1779.0,29/06/2018,west
pink morsel,1554.0,30/06/2018,north
pink morsel,1653.0,30/06/2018,south
pink morsel,1515.0,30/06/2018,east
pink morsel,1557.0,30/06/2018,west
pink morsel,1746.0,01/07/2018,north
pink morsel,1671.0,01/07/2018,south
pink morsel,1716.0,01/07/2018,east
pink morsel,1554.0,01/07/2018,west
pink morsel,1695.0,02/07/2018,north
pink morsel,1611.0,02/07/2018,south
pink morsel,1680.0,02/07/2018,east
pink morsel,1671.0,02/07/2018,west
pink morsel,1644.0,03/07/2018,north
pink morsel,1638.0,03/07/2018,south
pink morsel,1623.0,03/07/2018,east
pink morsel,1515.0,03/07/2018,west
pink morsel,1743.0,04/07/2018,north
pink morsel,1587.0,04/07/2018,south
pink morsel,1764.0,04/07/2018,east
pink morsel,1572.0,04/07/2018,west
pink morsel,1752.0,05/07/2018,north
pink morsel,1647.0,05/07/2018,south
pink morsel,1575.0,05/07/2018,east
pink morsel,1500.0,05/07/2018,west
pink morsel,1743.0,06/07/2018,north
pink morsel,1566.0,06/07/2018,south
pink morsel,1758.0,06/07/2018,east
pink morsel,1689.0,06/07/2018,west
pink morsel,1776.0,07/07/2018,north
pink morsel,1770.0,07/07/2018,south
pink morsel,1695.0,07/07/2018,east
pink morsel,1566.0,07/07/2018,west
pink morsel,1623.0,08/07/2018,north
pink morsel,1776.0,08/07/2018,south
pink morsel,1515.0,08/07/2018,east
pink morsel,1761.0,08/07/2018,west
pink morsel,1623.0,09/07/2018,north
pink morsel,1788.0,09/07/2018,south
pink morsel,1542.0,09/07/2018,east
pink morsel,1515.0,09/07/2018,west
pink morsel,1794.0,10/07/2018,north
pink morsel,1794.0,10/07/2018,south
pink morsel,1755.0,10/07/2018,east
pink morsel,1761.0,10/07/2018,west
pink morsel,1605.0,11/07/2018,north
pink morsel,1569.0,11/07/2018,south
pink morsel,1638.0,11/07/2018,east
pink morsel,1677.0,11/07/2018,west
pink morsel,1593.0,12/07/2018,north
pink morsel,1500.0,12/07/2018,south
pink morsel,1539.0,12/07/2018,east
pink morsel,1719.0,12/07/2018,west
pink morsel,1749.0,13/07/2018,north
pink morsel,1596.0,13/07/2018,south
pink morsel,1680.0,13/07/2018,east
pink morsel,1509.0,13/07/2018,west
pink morsel,1500.0,14/07/2018,north
pink morsel,1653.0,14/07/2018,south
pink morsel,1620.0,14/07/2018,east
pink morsel,1575.0,14/07/2018,west
pink morsel,1737.0,15/07/2018,north
pink morsel,1713.0,15/07/2018,south
pink morsel,1698.0,15/07/2018,east
pink morsel,1539.0,15/07/2018,west
pink morsel,1773.0,16/07/2018,north
pink morsel,1707.0,16/07/2018,south
pink morsel,1554.0,16/07/2018,east
pink morsel,1515.0,16/07/2018,west
pink morsel,1551.0,17/07/2018,north
pink morsel,1566.0,17/07/2018,south
pink morsel,1788.0,17/07/2018,east
pink morsel,1614.0,17/07/2018,west
pink morsel,1704.0,18/07/2018,north
pink morsel,1656.0,18/07/2018,south
pink morsel,1530.0,18/07/2018,east
pink morsel,1659.0,18/07/2018,west
pink morsel,1620.0,19/07/2018,north
pink morsel,1725.0,19/07/2018,south
pink morsel,1704.0,19/07/2018,east
pink morsel,1527.0,19/07/2018,west
pink morsel,1731.0,20/07/2018,north
pink morsel,1761.0,20/07/2018,south
pink morsel,1644.0,20/07/2018,east
pink morsel,1653.0,20/07/2018,west
pink morsel,1725.0,21/07/2018,north
pink morsel,1698.0,21/07/2018,south
pink morsel,1662.0,21/07/2018,east
pink morsel,1656.0,21/07/2018,west
pink morsel,1608.0,22/07/2018,north
pink morsel,1773.0,22/07/2018,south
pink morsel,1659.0,22/07/2018,east
pink morsel,1647.0,22/07/2018,west
pink morsel,1638.0,23/07/2018,north
pink morsel,1623.0,23/07/2018,south
pink morsel,1719.0,23/07/2018,east
pink morsel,1629.0,23/07/2018,west
pink morsel,1701.0,24/07/2018,north
pink morsel,1725.0,24/07/2018,south
pink morsel,1752.0,24/07/2018,east
pink morsel,1557.0,24/07/2018,west
pink morsel,1500.0,25/07/2018,north
pink morsel,1707.0,25/07/2018,south
pink morsel,1533.0,25/07/2018,east
pink morsel,1737.0,25/07/2018,west
pink morsel,1605.0,26/07/2018,north
pink morsel,1767.0,26/07/2018,south
pink morsel,1551.0,26/07/2018,east
pink morsel,1521.0,26/07/2018,west
pink morsel,1659.0,27/07/2018,north
pink morsel,1611.0,27/07/2018,south
pink morsel,1695.0,27/07/2018,east
pink morsel,1632.0,27/07/2018,west
pink morsel,1515.0,28/07/2018,north
pink morsel,1584.0,28/07/2018,south
pink morsel,1596.0,28/07/2018,east
pink morsel,1743.0,28/07/2018,west
pink morsel,1791.0,29/07/2018,north
pink morsel,1599.0,29/07/2018,south
pink morsel,1749.0,29/07/2018,east
pink morsel,1755.0,29/07/2018,west
pink morsel,1755.0,30/07/2018,north
pink morsel,1662.0,30/07/2018,south
pink morsel,1509.0,30/07/2018,east
pink morsel,1776.0,30/07/2018,west
pink morsel,1695.0,31/07/2018,north
pink morsel,1707.0,31/07/2018,south
pink morsel,1548.0,31/07/2018,east
pink morsel,1578.0,31/07/2018,west
pink morsel,1563.0,01/08/2018,north
pink morsel,1674.0,01/08/2018,south
pink morsel,1554.0,01/08/2018,east
pink morsel,1665.0,01/08/2018,west
pink morsel,1527.0,02/08/2018,north
pink morsel,1617.0,02/08/2018,south
pink morsel,1548.0,02/08/2018,east
pink morsel,1671.0,02/08/2018,west
pink morsel,1668.0,03/08/2018,north
pink morsel,1671.0,03/08/2018,south
pink morsel,1719.0,03/08/2018,east
pink morsel,1668.0,03/08/2018,west
pink morsel,1536.0,04/08/2018,north
pink morsel,1734.0,04/08/2018,south
pink morsel,1743.0,04/08/2018,east
pink morsel,1776.0,04/08/2018,west
pink morsel,1650.0,05/08/2018,north
pink morsel,1599.0,05/08/2018,south
pink morsel,1614.0,05/08/2018,east
pink morsel,1773.0,05/08/2018,west
pink morsel,1611.0,06/08/2018,north
pink morsel,1605.0,06/08/2018,south
pink morsel,1554.0,06/08/2018,east
pink morsel,1788.0,06/08/2018,west
pink morsel,1566.0,07/08/2018,north
pink morsel,1560.0,07/08/2018,south
pink morsel,1551.0,07/08/2018,east
pink morsel,1626.0,07/08/2018,west
pink morsel,1665.0,08/08/2018,north
pink morsel,1539.0,08/08/2018,south
pink morsel,1506.0,08/08/2018,east
pink morsel,1617.0,08/08/2018,west
pink morsel,1797.0,09/08/2018,north
pink morsel,1794.0,09/08/2018,south
pink morsel,1620.0,09/08/2018,east
pink morsel,1683.0,09/08/2018,west
pink morsel,1620.0,10/08/2018,north
pink morsel,1554.0,10/08/2018,south
pink morsel,1701.0,10/08/2018,east
pink morsel,1785.0,10/08/2018,west
pink morsel,1689.0,11/08/2018,north
pink morsel,1650.0,11/08/2018,south
pink morsel,1533.0,11/08/2018,east
pink morsel,1587.0,11/08/2018,west
pink morsel,1509.0,12/08/2018,north
pink morsel,1743.0,12/08/2018,south
pink morsel,1719.0,12/08/2018,east
pink morsel,1743.0,12/08/2018,west
pink morsel,1701.0,13/08/2018,north
pink morsel,1629.0,13/08/2018,south
pink morsel,1638.0,13/08/2018,east
pink morsel,1611.0,13/08/2018,west
pink morsel,1623.0,14/08/2018,north
pink morsel,1635.0,14/08/2018,south
pink morsel,1716.0,14/08/2018,east
pink morsel,1707.0,14/08/2018,west
pink morsel,1602.0,15/08/2018,north
pink morsel,1542.0,15/08/2018,south
pink morsel,1800.0,15/08/2018,east
pink morsel,1734.0,15/08/2018,west
pink morsel,1788.0,16/08/2018,north
pink morsel,1614.0,16/08/2018,south
pink morsel,1743.0,16/08/2018,east
pink morsel,1770.0,16/08/2018,west
pink morsel,1776.0,17/08/2018,north
pink morsel,1713.0,17/08/2018,south
pink morsel,1623.0,17/08/2018,east
pink morsel,1752.0,17/08/2018,west
pink morsel,1527.0,18/08/2018,north
pink morsel,1776.0,18/08/2018,south
pink morsel,1689.0,18/08/2018,east
pink morsel,1713.0,18/08/2018,west
pink morsel,1509.0,19/08/2018,north
pink morsel,1575.0,19/08/2018,south
pink morsel,1701.0,19/08/2018,east
pink morsel,1575.0,19/08/2018,west
pink morsel,1581.0,20/08/2018,north
pink morsel,1779.0,20/08/2018,south
pink morsel,1662.0,20/08/2018,east
pink morsel,1506.0,20/08/2018,west
pink morsel,1794.0,21/08/2018,north
pink morsel,1659.0,21/08/2018,south
pink morsel,1644.0,21/08/2018,east
pink morsel,1707.0,21/08/2018,west
pink morsel,1704.0,22/08/2018,north
pink morsel,1500.0,22/08/2018,south
pink morsel,1539.0,22/08/2018,east
pink morsel,1800.0,22/08/2018,west
pink morsel,1557.0,23/08/2018,north
pink morsel,1554.0,23/08/2018,south
pink morsel,1788.0,23/08/2018,east
pink morsel,1563.0,23/08/2018,west
pink morsel,1548.0,24/08/2018,north
pink morsel,1560.0,24/08/2018,south
pink morsel,1734.0,24/08/2018,east
pink morsel,1644.0,24/08/2018,west
pink morsel,1629.0,25/08/2018,north
pink morsel,1677.0,25/08/2018,south
pink morsel,1764.0,25/08/2018,east
pink morsel,1515.0,25/08/2018,west
pink morsel,1542.0,26/08/2018,north
pink morsel,1545.0,26/08/2018,south
pink morsel,1668.0,26/08/2018,east
pink morsel,1584.0,26/08/2018,west
pink morsel,1605.0,27/08/2018,north
pink morsel,1740.0,27/08/2018,south
pink morsel,1602.0,27/08/2018,east
pink morsel,1509.0,27/08/2018,west
pink morsel,1566.0,28/08/2018,north
pink morsel,1680.0,28/08/2018,south
pink morsel,1656.0,28/08/2018,east
pink morsel,1722.0,28/08/2018,west
pink morsel,1662.0,29/08/2018,north
pink morsel,1794.0,29/08/2018,south
pink morsel,1734.0,29/08/2018,east
pink morsel,1647.0,29/08/2018,west
pink morsel,1635.0,30/08/2018,north
pink morsel,1743.0,30/08/2018,south
pink morsel,1665.0,30/08/2018,east
pink morsel,1770.0,30/08/2018,west
pink morsel,1749.0,31/08/2018,north
pink morsel,1695.0,31/08/2018,south
pink morsel,1644.0,31/08/2018,east
pink morsel,1602.0,31/08/2018,west
pink morsel,1560.0,01/09/2018,north
pink morsel,1500.0,01/09/2018,south
pink morsel,1719.0,01/09/2018,east
pink morsel,1557.0,01/09/2018,west
pink morsel,1527.0,02/09/2018,north
pink morsel,1653.0,02/09/2018,south
pink morsel,1506.0,02/09/2018,east
pink morsel,1575.0,02/09/2018,west
pink morsel,1749.0,03/09/2018,north
pink morsel,1770.0,03/09/2018,south
pink morsel,1674.0,03/09/2018,east
pink morsel,1650.0,03/09/2018,west
pink morsel,1794.0,04/09/2018,north
pink morsel,1509.0,04/09/2018,south
pink morsel,1785.0,04/09/2018,east
pink morsel,1539.0,04/09/2018,west
pink morsel,1731.0,05/09/2018,north
pink morsel,1617.0,05/09/2018,south
pink morsel,1656.0,05/09/2018,east
pink morsel,1599.0,05/09/2018,west
pink morsel,1713.0,06/09/2018,north
pink morsel,1506.0,06/09/2018,south
pink morsel,1758.0,06/09/2018,east
pink morsel,1650.0,06/09/2018,west
pink morsel,1791.0,07/09/2018,north
pink morsel,1623.0,07/09/2018,south
pink morsel,1776.0,07/09/2018,east
pink morsel,1653.0,07/09/2018,west
pink morsel,1659.0,08/09/2018,north
pink morsel,1755.0,08/09/2018,south
pink morsel,1533.0,08/09/2018,east
pink morsel,1557.0,08/09/2018,west
pink morsel,1527.0,09/09/2018,north
pink morsel,1614.0,09/09/2018,south
pink morsel,1638.0,09/09/2018,east
pink morsel,1704.0,09/09/2018,west
pink morsel,1650.0,10/09/2018,north
pink morsel,1656.0,10/09/2018,south
pink morsel,1782.0,10/09/2018,east
pink morsel,1527.0,10/09/2018,west
pink morsel,1578.0,11/09/2018,north
pink morsel,1767.0,11/09/2018,south
pink morsel,1749.0,11/09/2018,east
pink morsel,1524.0,11/09/2018,west
pink morsel,1719.0,12/09/2018,north
pink morsel,1695.0,12/09/2018,south
pink morsel,1740.0,12/09/2018,east
pink morsel,1533.0,12/09/2018,west
pink morsel,1653.0,13/09/2018,north
pink morsel,1560.0,13/09/2018,south
pink morsel,1677.0,13/09/2018,east
pink morsel,1539.0,13/09/2018,west
pink morsel,1713.0,14/09/2018,north
pink morsel,1554.0,14/09/2018,south
pink morsel,1743.0,14/09/2018,east
pink morsel,1701.0,14/09/2018,west
pink morsel,1587.0,15/09/2018,north
pink morsel,1512.0,15/09/2018,south
pink morsel,1698.0,15/09/2018,east
pink morsel,1746.0,15/09/2018,west
pink morsel,1554.0,16/09/2018,north
pink morsel,1554.0,16/09/2018,south
pink morsel,1782.0,16/09/2018,east
pink morsel,1782.0,16/09/2018,west
pink morsel,1764.0,17/09/2018,north
pink morsel,1620.0,17/09/2018,south
pink morsel,1545.0,17/09/2018,east
pink morsel,1722.0,17/09/2018,west
pink morsel,1503.0,18/09/2018,north
pink morsel,1530.0,18/09/2018,south
pink morsel,1737.0,18/09/2018,east
pink morsel,1692.0,18/09/2018,west
pink morsel,1542.0,19/09/2018,north
pink morsel,1758.0,19/09/2018,south
pink morsel,1779.0,19/09/2018,east
pink morsel,1593.0,19/09/2018,west
pink morsel,1686.0,20/09/2018,north
pink morsel,1749.0,20/09/2018,south
pink morsel,1662.0,20/09/2018,east
pink morsel,1569.0,20/09/2018,west
pink morsel,1590.0,21/09/2018,north
pink morsel,1665.0,21/09/2018,south
pink morsel,1716.0,21/09/2018,east
pink morsel,1704.0,21/09/2018,west
pink morsel,1632.0,22/09/2018,north
pink morsel,1581.0,22/09/2018,south
pink morsel,1758.0,22/09/2018,east
pink morsel,1641.0,22/09/2018,west
pink morsel,1731.0,23/09/2018,north
pink morsel,1677.0,23/09/2018,south
pink morsel,1728.0,23/09/2018,east
pink morsel,1755.0,23/09/2018,west
pink morsel,1611.0,24/09/2018,north
pink morsel,1593.0,24/09/2018,south
pink morsel,1797.0,24/09/2018,east
pink morsel,1560.0,24/09/2018,west
pink morsel,1530.0,25/09/2018,north
pink morsel,1770.0,25/09/2018,south
pink morsel,1611.0,25/09/2018,east
pink morsel,1701.0,25/09/2018,west
pink morsel,1617.0,26/09/2018,north
pink morsel,1515.0,26/09/2018,south
pink morsel,1713.0,26/09/2018,east
pink morsel,1500.0,26/09/2018,west
pink morsel,1632.0,27/09/2018,north
pink morsel,1713.0,27/09/2018,south
pink morsel,1743.0,27/09/2018,east
pink morsel,1587.0,27/09/2018,west
pink morsel,1749.0,28/09/2018,north
pink morsel,1533.0,28/09/2018,south
pink morsel,1653.0,28/09/2018,east
pink morsel,1512.0,28/09/2018,west
pink morsel,1518.0,29/09/2018,north
pink morsel,1623.0,29/09/2018,south
pink morsel,1701.0,29/09/2018,east
pink morsel,1596.0,29/09/2018,west
pink morsel,1746.0,30/09/2018,north
pink morsel,1536.0,30/09/2018,south
pink morsel,1659.0,30/09/2018,east
pink morsel,1524.0,30/09/2018,west
pink morsel,1782.0,01/10/2018,north
pink morsel,1632.0,01/10/2018,south
pink morsel,1755.0,01/10/2018,east
pink morsel,1650.0,01/10/2018,west
pink morsel,1680.0,02/10/2018,north
pink morsel,1701.0,02/10/2018,south
pink morsel,1800.0,02/10/2018,east
pink morsel,1740.0,02/10/2018,west
pink morsel,1563.0,03/10/2018,north
pink morsel,1788.0,03/10/2018,south
pink morsel,1536.0,03/10/2018,east
pink morsel,1764.0,03/10/2018,west
pink morsel,1512.0,04/10/2018,north
pink morsel,1560.0,04/10/2018,south
pink morsel,1626.0,04/10/2018,east
pink morsel,1797.0,04/10/2018,west
pink morsel,1779.0,05/10/2018,north
pink morsel,1683.0,05/10/2018,south
pink morsel,1713.0,05/10/2018,east
pink morsel,1794.0,05/10/2018,west
pink morsel,1584.0,06/10/2018,north
pink morsel,1647.0,06/10/2018,south
pink morsel,1596.0,06/10/2018,east
pink morsel,1515.0,06/10/2018,west
pink morsel,1533.0,07/10/2018,north
pink morsel,1608.0,07/10/2018,south
pink morsel,1794.0,07/10/2018,east
pink morsel,1578.0,07/10/2018,west
pink morsel,1701.0,08/10/2018,north
pink morsel,1617.0,08/10/2018,south
pink morsel,1779.0,08/10/2018,east
pink morsel,1785.0,08/10/2018,west
pink morsel,1680.0,09/10/2018,north
pink morsel,1590.0,09/10/2018,south
pink morsel,1551.0,09/10/2018,east
pink morsel,1587.0,09/10/2018,west
pink morsel,1749.0,10/10/2018,north
pink morsel,1701.0,10/10/2018,south
pink morsel,1599.0,10/10/2018,east
pink morsel,1506.0,10/10/2018,west
pink morsel,1596.0,11/10/2018,north
pink morsel,1800.0,11/10/2018,south
pink morsel,1749.0,11/10/2018,east
pink morsel,1674.0,11/10/2018,west
pink morsel,1782.0,12/10/2018,north
pink morsel,1647.0,12/10/2018,south
pink morsel,1542.0,12/10/2018,east
pink morsel,1656.0,12/10/2018,west
pink morsel,1581.0,13/10/2018,north
pink morsel,1713.0,13/10/2018,south
pink morsel,1722.0,13/10/2018,east
pink morsel,1686.0,13/10/2018,west
pink morsel,1728.0,14/10/2018,north
pink morsel,1755.0,14/10/2018,south
pink morsel,1503.0,14/10/2018,east
pink morsel,1602.0,14/10/2018,west
pink morsel,1605.0,15/10/2018,north
pink morsel,1719.0,15/10/2018,south
pink morsel,1548.0,15/10/2018,east
pink morsel,1626.0,15/10/2018,west
pink morsel,1551.0,16/10/2018,north
pink morsel,1662.0,16/10/2018,south
pink morsel,1650.0,16/10/2018,east
pink morsel,1788.0,16/10/2018,west
pink morsel,1536.0,17/10/2018,north
pink morsel,1551.0,17/10/2018,south
pink morsel,1656.0,17/10/2018,east
pink morsel,1644.0,17/10/2018,west
pink morsel,1692.0,18/10/2018,north
pink morsel,1518.0,18/10/2018,south
pink morsel,1509.0,18/10/2018,east
pink morsel,1674.0,18/10/2018,west
pink morsel,1521.0,19/10/2018,north
pink morsel,1632.0,19/10/2018,south
pink morsel,1794.0,19/10/2018,east
pink morsel,1689.0,19/10/2018,west
pink morsel,1692.0,20/10/2018,north
pink morsel,1662.0,20/10/2018,south
pink morsel,1776.0,20/10/2018,east
pink morsel,1710.0,20/10/2018,west
pink morsel,1569.0,21/10/2018,north
pink morsel,1704.0,21/10/2018,south
pink morsel,1767.0,21/10/2018,east
pink morsel,1767.0,21/10/2018,west
pink morsel,1542.0,22/10/2018,north
pink morsel,1707.0,22/10/2018,south
pink morsel,1578.0,22/10/2018,east
pink morsel,1521.0,22/10/2018,west
pink morsel,1764.0,23/10/2018,north
pink morsel,1683.0,23/10/2018,south
pink morsel,1602.0,23/10/2018,east
pink morsel,1755.0,23/10/2018,west
pink morsel,1650.0,24/10/2018,north
pink morsel,1629.0,24/10/2018,south
pink morsel,1692.0,24/10/2018,east
pink morsel,1542.0,24/10/2018,west
pink morsel,1629.0,25/10/2018,north
pink morsel,1587.0,25/10/2018,south
pink morsel,1635.0,25/10/2018,east
pink morsel,1653.0,25/10/2018,west
pink morsel,1596.0,26/10/2018,north
pink morsel,1524.0,26/10/2018,south
pink morsel,1545.0,26/10/2018,east
pink morsel,1707.0,26/10/2018,west
pink morsel,1509.0,27/10/2018,north
pink morsel,1509.0,27/10/2018,south
pink morsel,1686.0,27/10/2018,east
pink morsel,1785.0,27/10/2018,west
pink morsel,1635.0,28/10/2018,north
pink morsel,1752.0,28/10/2018,south
pink morsel,1785.0,28/10/2018,east
pink morsel,1755.0,28/10/2018,west
pink morsel,1707.0,29/10/2018,north
pink morsel,1701.0,29/10/2018,south
pink morsel,1599.0,29/10/2018,east
pink morsel,1782.0,29/10/2018,west
pink morsel,1677.0,30/10/2018,north
pink morsel,1719.0,30/10/2018,south
pink morsel,1530.0,30/10/2018,east
pink morsel,1776.0,30/10/2018,west
pink morsel,1674.0,31/10/2018,north
pink morsel,1641.0,31/10/2018,south
pink morsel,1596.0,31/10/2018,east
pink morsel,1506.0,31/10/2018,west
pink morsel,1692.0,01/11/2018,north
pink morsel,1623.0,01/11/2018,south
pink morsel,1593.0,01/11/2018,east
pink morsel,1551.0,01/11/2018,west
pink morsel,1728.0,02/11/2018,north
pink morsel,1608.0,02/11/2018,south
pink morsel,1530.0,02/11/2018,east
pink morsel,1791.0,02/11/2018,west
pink morsel,1704.0,03/11/2018,north
pink morsel,1653.0,03/11/2018,south
pink morsel,1548.0,03/11/2018,east
pink morsel,1626.0,03/11/2018,west
pink morsel,1695.0,04/11/2018,north
pink morsel,1590.0,04/11/2018,south
pink morsel,1530.0,04/11/2018,east
pink morsel,1644.0,04/11/2018,west
pink morsel,1611.0,05/11/2018,north
pink morsel,1617.0,05/11/2018,south
pink morsel,1776.0,05/11/2018,east
pink morsel,1641.0,05/11/2018,west
pink morsel,1740.0,06/11/2018,north
pink morsel,1590.0,06/11/2018,south
pink morsel,1773.0,06/11/2018,east
pink morsel,1641.0,06/11/2018,west
pink morsel,1527.0,07/11/2018,north
pink morsel,1755.0,07/11/2018,south
pink morsel,1650.0,07/11/2018,east
pink morsel,1593.0,07/11/2018,west
pink morsel,1548.0,08/11/2018,north
pink morsel,1623.0,08/11/2018,south
pink morsel,1500.0,08/11/2018,east
pink morsel,1569.0,08/11/2018,west
pink morsel,1647.0,09/11/2018,north
pink morsel,1662.0,09/11/2018,south
pink morsel,1710.0,09/11/2018,east
pink morsel,1719.0,09/11/2018,west
pink morsel,1590.0,10/11/2018,north
pink morsel,1539.0,10/11/2018,south
pink morsel,1566.0,10/11/2018,east
pink morsel,1770.0,10/11/2018,west
pink morsel,1722.0,11/11/2018,north
pink morsel,1524.0,11/11/2018,south
pink morsel,1641.0,11/11/2018,east
pink morsel,1662.0,11/11/2018,west
pink morsel,1716.0,12/11/2018,north
pink morsel,1611.0,12/11/2018,south
pink morsel,1569.0,12/11/2018,east
pink morsel,1797.0,12/11/2018,west
pink morsel,1698.0,13/11/2018,north
pink morsel,1581.0,13/11/2018,south
pink morsel,1776.0,13/11/2018,east
pink morsel,1644.0,13/11/2018,west
pink morsel,1563.0,14/11/2018,north
pink morsel,1707.0,14/11/2018,south
pink morsel,1533.0,14/11/2018,east
pink morsel,1572.0,14/11/2018,west
pink morsel,1623.0,15/11/2018,north
pink morsel,1698.0,15/11/2018,south
pink morsel,1521.0,15/11/2018,east
pink morsel,1707.0,15/11/2018,west
pink morsel,1587.0,16/11/2018,north
pink morsel,1776.0,16/11/2018,south
pink morsel,1662.0,16/11/2018,east
pink morsel,1578.0,16/11/2018,west
pink morsel,1554.0,17/11/2018,north
pink morsel,1515.0,17/11/2018,south
pink morsel,1602.0,17/11/2018,east
pink morsel,1557.0,17/11/2018,west
pink morsel,1521.0,18/11/2018,north
pink morsel,1740.0,18/11/2018,south
pink morsel,1617.0,18/11/2018,east
pink morsel,1647.0,18/11/2018,west
pink morsel,1551.0,19/11/2018,north
pink morsel,1500.0,19/11/2018,south
pink morsel,1725.0,19/11/2018,east
pink morsel,1563.0,19/11/2018,west
pink morsel,1791.0,20/11/2018,north
pink morsel,1578.0,20/11/2018,south
pink morsel,1632.0,20/11/2018,east
pink morsel,1674.0,20/11/2018,west
pink morsel,1617.0,21/11/2018,north
pink morsel,1509.0,21/11/2018,south
pink morsel,1644.0,21/11/2018,east
pink morsel,1542.0,21/11/2018,west
pink morsel,1650.0,22/11/2018,north
pink morsel,1758.0,22/11/2018,south
pink morsel,1710.0,22/11/2018,east
pink morsel,1737.0,22/11/2018,west
pink morsel,1779.0,23/11/2018,north
pink morsel,1743.0,23/11/2018,south
pink morsel,1560.0,23/11/2018,east
pink morsel,1719.0,23/11/2018,west
pink morsel,1689.0,24/11/2018,north
pink morsel,1605.0,24/11/2018,south
pink morsel,1683.0,24/11/2018,east
pink morsel,1518.0,24/11/2018,west
pink morsel,1665.0,25/11/2018,north
pink morsel,1671.0,25/11/2018,south
pink morsel,1704.0,25/11/2018,east
pink morsel,1731.0,25/11/2018,west
pink morsel,1653.0,26/11/2018,north
pink morsel,1542.0,26/11/2018,south
pink morsel,1659.0,26/11/2018,east
pink morsel,1650.0,26/11/2018,west
pink morsel,1773.0,27/11/2018,north
pink morsel,1647.0,27/11/2018,south
pink morsel,1725.0,27/11/2018,east
pink morsel,1644.0,27/11/2018,west
pink morsel,1767.0,28/11/2018,north
pink morsel,1728.0,28/11/2018,south
pink morsel,1719.0,28/11/2018,east
pink morsel,1677.0,28/11/2018,west
pink morsel,1686.0,29/11/2018,north
pink morsel,1527.0,29/11/2018,south
pink morsel,1689.0,29/11/2018,east
pink morsel,1686.0,29/11/2018,west
pink morsel,1641.0,30/11/2018,north
pink morsel,1665.0,30/11/2018,south
pink morsel,1755.0,30/11/2018,east
pink morsel,1551.0,30/11/2018,west
pink morsel,1665.0,01/12/2018,north
pink morsel,1527.0,01/12/2018,south
pink morsel,1536.0,01/12/2018,east
pink morsel,1656.0,01/12/2018,west
pink morsel,1563.0,02/12/2018,north
pink morsel,1554.0,02/12/2018,south
pink morsel,1602.0,02/12/2018,east
pink morsel,1737.0,02/12/2018,west
pink morsel,1506.0,03/12/2018,north
pink morsel,1755.0,03/12/2018,south
pink morsel,1572.0,03/12/2018,east
pink morsel,1608.0,03/12/2018,west
pink morsel,1722.0,04/12/2018,north
pink morsel,1788.0,04/12/2018,south
pink morsel,1788.0,04/12/2018,east
pink morsel,1587.0,04/12/2018,west
pink morsel,1677.0,05/12/2018,north
pink morsel,1725.0,05/12/2018,south
pink morsel,1731.0,05/12/2018,east
pink morsel,1518.0,05/12/2018,west
pink morsel,1737.0,06/12/2018,north
pink morsel,1797.0,06/12/2018,south
pink morsel,1662.0,06/12/2018,east
pink morsel,1662.0,06/12/2018,west
pink morsel,1716.0,07/12/2018,north
pink morsel,1596.0,07/12/2018,south
pink morsel,1653.0,07/12/2018,east
pink morsel,1635.0,07/12/2018,west
pink morsel,1782.0,08/12/2018,north
pink morsel,1773.0,08/12/2018,south
pink morsel,1755.0,08/12/2018,east
pink morsel,1719.0,08/12/2018,west
pink morsel,1737.0,09/12/2018,north
pink morsel,1548.0,09/12/2018,south
pink morsel,1665.0,09/12/2018,east
pink morsel,1659.0,09/12/2018,west
pink morsel,1659.0,10/12/2018,north
pink morsel,1575.0,10/12/2018,south
pink morsel,1509.0,10/12/2018,east
pink morsel,1767.0,10/12/2018,west
pink morsel,1509.0,11/12/2018,north
pink morsel,1527.0,11/12/2018,south
pink morsel,1575.0,11/12/2018,east
pink morsel,1620.0,11/12/2018,west
pink morsel,1623.0,12/12/2018,north
pink morsel,1623.0,12/12/2018,south
pink morsel,1773.0,12/12/2018,east
pink morsel,1743.0,12/12/2018,west
pink morsel,1719.0,13/12/2018,north
pink morsel,1782.0,13/12/2018,south
pink morsel,1713.0,13/12/2018,east
pink morsel,1593.0,13/12/2018,west
pink morsel,1716.0,14/12/2018,north
pink morsel,1686.0,14/12/2018,south
pink morsel,1569.0,14/12/2018,east
pink morsel,1704.0,14/12/2018,west
pink morsel,1554.0,15/12/2018,north
pink morsel,1545.0,15/12/2018,south
pink morsel,1587.0,15/12/2018,east
pink morsel,1800.0,15/12/2018,west
pink morsel,1635.0,16/12/2018,north
pink morsel,1620.0,16/12/2018,south
pink morsel,1800.0,16/12/2018,east
pink morsel,1641.0,16/12/2018,west
pink morsel,1635.0,17/12/2018,north
pink morsel,1527.0,17/12/2018,south
pink morsel,1626.0,17/12/2018,east
pink morsel,1716.0,17/12/2018,west
pink morsel,1755.0,18/12/2018,north
pink morsel,1755.0,18/12/2018,south
pink morsel,1605.0,18/12/2018,east
pink morsel,1779.0,18/12/2018,west
pink morsel,1566.0,19/12/2018,north
pink morsel,1566.0,19/12/2018,south
pink morsel,1797.0,19/12/2018,east
pink morsel,1770.0,19/12/2018,west
pink morsel,1731.0,20/12/2018,north
pink morsel,1551.0,20/12/2018,south
pink morsel,1767.0,20/12/2018,east
pink morsel,1626.0,20/12/2018,west
pink morsel,1659.0,21/12/2018,north
pink morsel,1710.0,21/12/2018,south
pink morsel,1542.0,21/12/2018,east
pink morsel,1569.0,21/12/2018,west
pink morsel,1776.0,22/12/2018,north
pink morsel,1578.0,22/12/2018,south
pink morsel,1668.0,22/12/2018,east
pink morsel,1527.0,22/12/2018,west
pink morsel,1770.0,23/12/2018,north
pink morsel,1623.0,23/12/2018,south
pink morsel,1710.0,23/12/2018,east
pink morsel,1731.0,23/12/2018,west
pink morsel,1740.0,24/12/2018,north
pink morsel,1632.0,24/12/2018,south
pink morsel,1719.0,24/12/2018,east
pink morsel,1500.0,24/12/2018,west
pink morsel,1512.0,25/12/2018,north
pink morsel,1605.0,25/12/2018,south
pink morsel,1623.0,25/12/2018,east
pink morsel,1533.0,25/12/2018,west
pink morsel,1683.0,26/12/2018,north
pink morsel,1734.0,26/12/2018,south
pink morsel,1545.0,26/12/2018,east
pink morsel,1587.0,26/12/2018,west
pink morsel,1578.0,27/12/2018,north
pink morsel,1650.0,27/12/2018,south
pink morsel,1632.0,27/12/2018,east
pink morsel,1713.0,27/12/2018,west
pink morsel,1650.0,28/12/2018,north
pink morsel,1794.0,28/12/2018,south
pink morsel,1764.0,28/12/2018,east
pink morsel,1797.0,28/12/2018,west
pink morsel,1626.0,29/12/2018,north
pink morsel,1794.0,29/12/2018,south
pink morsel,1695.0,29/12/2018,east
pink morsel,1740.0,29/12/2018,west
pink morsel,1758.0,30/12/2018,north
pink morsel,1785.0,30/12/2018,south
pink morsel,1599.0,30/12/2018,east
pink morsel,1689.0,30/12/2018,west
pink morsel,1527.0,31/12/2018,north
pink morsel,1710.0,31/12/2018,south
pink morsel,1590.0,31/12/2018,east
pink morsel,1653.0,31/12/2018,west
pink morsel,1518.0,01/01/2019,north
pink morsel,1632.0,01/01/2019,south
pink morsel,1755.0,01/01/2019,east
pink morsel,1551.0,01/01/2019,west
pink morsel,1767.0,02/01/2019,north
pink morsel,1605.0,02/01/2019,south
pink morsel,1692.0,02/01/2019,east
pink morsel,1794.0,02/01/2019,west
pink morsel,1695.0,03/01/2019,north
pink morsel,1737.0,03/01/2019,south
pink morsel,1575.0,03/01/2019,east
pink morsel,1509.0,03/01/2019,west
pink morsel,1590.0,04/01/2019,north
pink morsel,1500.0,04/01/2019,south
pink morsel,1590.0,04/01/2019,east
pink morsel,1638.0,04/01/2019,west
pink morsel,1761.0,05/01/2019,north
pink morsel,1590.0,05/01/2019,south
pink morsel,1725.0,05/01/2019,east
pink morsel,1551.0,05/01/2019,west
pink morsel,1644.0,06/01/2019,north
pink morsel,1779.0,06/01/2019,south
pink morsel,1794.0,06/01/2019,east
pink morsel,1638.0,06/01/2019,west
pink morsel,1644.0,07/01/2019,north
pink morsel,1647.0,07/01/2019,south
pink morsel,1692.0,07/01/2019,east
pink morsel,1623.0,07/01/2019,west
pink morsel,1722.0,08/01/2019,north
pink morsel,1551.0,08/01/2019,south
pink morsel,1731.0,08/01/2019,east
pink morsel,1701.0,08/01/2019,west
pink morsel,1500.0,09/01/2019,north
pink morsel,1764.0,09/01/2019,south
pink morsel,1764.0,09/01/2019,east
pink morsel,1635.0,09/01/2019,west
pink morsel,1767.0,10/01/2019,north
pink morsel,1551.0,10/01/2019,south
pink morsel,1512.0,10/01/2019,east
pink morsel,1686.0,10/01/2019,west
pink morsel,1662.0,11/01/2019,north
pink morsel,1512.0,11/01/2019,south
pink morsel,1608.0,11/01/2019,east
pink morsel,1611.0,11/01/2019,west
pink morsel,1566.0,12/01/2019,north
pink morsel,1773.0,12/01/2019,south
pink morsel,1707.0,12/01/2019,east
pink morsel,1752.0,12/01/2019,west
pink morsel,1551.0,13/01/2019,north
pink morsel,1503.0,13/01/2019,south
pink morsel,1536.0,13/01/2019,east
pink morsel,1728.0,13/01/2019,west
pink morsel,1692.0,14/01/2019,north
pink morsel,1521.0,14/01/2019,south
pink morsel,1698.0,14/01/2019,east
pink morsel,1791.0,14/01/2019,west
pink morsel,1605.0,15/01/2019,north
pink morsel,1761.0,15/01/2019,south
pink morsel,1617.0,15/01/2019,east
pink morsel,1503.0,15/01/2019,west
pink morsel,1548.0,16/01/2019,north
pink morsel,1734.0,16/01/2019,south
pink morsel,1506.0,16/01/2019,east
pink morsel,1533.0,16/01/2019,west
pink morsel,1590.0,17/01/2019,north
pink morsel,1707.0,17/01/2019,south
pink morsel,1509.0,17/01/2019,east
pink morsel,1653.0,17/01/2019,west
pink morsel,1572.0,18/01/2019,north
pink morsel,1563.0,18/01/2019,south
pink morsel,1635.0,18/01/2019,east
pink morsel,1734.0,18/01/2019,west
pink morsel,1587.0,19/01/2019,north
pink morsel,1506.0,19/01/2019,south
pink morsel,1689.0,19/01/2019,east
pink morsel,1701.0,19/01/2019,west
pink morsel,1707.0,20/01/2019,north
pink morsel,1557.0,20/01/2019,south
pink morsel,1722.0,20/01/2019,east
pink morsel,1629.0,20/01/2019,west
pink morsel,1611.0,21/01/2019,north
pink morsel,1515.0,21/01/2019,south
pink morsel,1614.0,21/01/2019,east
pink morsel,1593.0,21/01/2019,west
pink morsel,1719.0,22/01/2019,north
pink morsel,1506.0,22/01/2019,south
pink morsel,1794.0,22/01/2019,east
pink morsel,1731.0,22/01/2019,west
pink morsel,1662.0,23/01/2019,north
pink morsel,1728.0,23/01/2019,south
pink morsel,1563.0,23/01/2019,east
pink morsel,1662.0,23/01/2019,west
pink morsel,1647.0,24/01/2019,north
pink morsel,1638.0,24/01/2019,south
pink morsel,1557.0,24/01/2019,east
pink morsel,1518.0,24/01/2019,west
pink morsel,1560.0,25/01/2019,north
pink morsel,1656.0,25/01/2019,south
pink morsel,1707.0,25/01/2019,east
pink morsel,1767.0,25/01/2019,west
pink morsel,1671.0,26/01/2019,north
pink morsel,1686.0,26/01/2019,south
pink morsel,1653.0,26/01/2019,east
pink morsel,1647.0,26/01/2019,west
pink morsel,1524.0,27/01/2019,north
pink morsel,1503.0,27/01/2019,south
pink morsel,1533.0,27/01/2019,east
pink morsel,1785.0,27/01/2019,west
pink morsel,1731.0,28/01/2019,north
pink morsel,1782.0,28/01/2019,south
pink morsel,1560.0,28/01/2019,east
pink morsel,1782.0,28/01/2019,west
pink morsel,1500.0,29/01/2019,north
pink morsel,1728.0,29/01/2019,south
pink morsel,1605.0,29/01/2019,east
pink morsel,1614.0,29/01/2019,west
pink morsel,1782.0,30/01/2019,north
pink morsel,1638.0,30/01/2019,south
pink morsel,1797.0,30/01/2019,east
pink morsel,1641.0,30/01/2019,west
pink morsel,1650.0,31/01/2019,north
pink morsel,1536.0,31/01/2019,south
pink morsel,1599.0,31/01/2019,east
pink morsel,1740.0,31/01/2019,west
pink morsel,1749.0,01/02/2019,north
pink morsel,1581.0,01/02/2019,south
pink morsel,1662.0,01/02/2019,east
pink morsel,1509.0,01/02/2019,west
pink morsel,1596.0,02/02/2019,north
pink morsel,1638.0,02/02/2019,south
pink morsel,1746.0,02/02/2019,east
pink morsel,1611.0,02/02/2019,west
pink morsel,1602.0,03/02/2019,north
pink morsel,1722.0,03/02/2019,south
pink morsel,1734.0,03/02/2019,east
pink morsel,1749.0,03/02/2019,west
pink morsel,1548.0,04/02/2019,north
pink morsel,1647.0,04/02/2019,south
pink morsel,1560.0,04/02/2019,east
pink morsel,1542.0,04/02/2019,west
pink morsel,1617.0,05/02/2019,north
pink morsel,1659.0,05/02/2019,south
pink morsel,1674.0,05/02/2019,east
pink morsel,1524.0,05/02/2019,west
pink morsel,1551.0,06/02/2019,north
pink morsel,1722.0,06/02/2019,south
pink morsel,1563.0,06/02/2019,east
pink morsel,1692.0,06/02/2019,west
pink morsel,1734.0,07/02/2019,north
pink morsel,1584.0,07/02/2019,south
pink morsel,1662.0,07/02/2019,east
pink morsel,1545.0,07/02/2019,west
pink morsel,1662.0,08/02/2019,north
pink morsel,1614.0,08/02/2019,south
pink morsel,1719.0,08/02/2019,east
pink morsel,1788.0,08/02/2019,west
pink morsel,1779.0,09/02/2019,north
pink morsel,1665.0,09/02/2019,south
pink morsel,1605.0,09/02/2019,east
pink morsel,1641.0,09/02/2019,west
pink morsel,1725.0,10/02/2019,north
pink morsel,1611.0,10/02/2019,south
pink morsel,1560.0,10/02/2019,east
pink morsel,1575.0,10/02/2019,west
pink morsel,1563.0,11/02/2019,north
pink morsel,1773.0,11/02/2019,south
pink morsel,1536.0,11/02/2019,east
pink morsel,1551.0,11/02/2019,west
pink morsel,1572.0,12/02/2019,north
pink morsel,1608.0,12/02/2019,south
pink morsel,1752.0,12/02/2019,east
pink morsel,1734.0,12/02/2019,west
pink morsel,1686.0,13/02/2019,north
pink morsel,1782.0,13/02/2019,south
pink morsel,1500.0,13/02/2019,east
pink morsel,1731.0,13/02/2019,west
pink morsel,1725.0,14/02/2019,north
pink morsel,1578.0,14/02/2019,south
pink morsel,1560.0,14/02/2019,east
pink morsel,1644.0,14/02/2019,west
pink morsel,1566.0,15/02/2019,north
pink morsel,1584.0,15/02/2019,south
pink morsel,1695.0,15/02/2019,east
pink morsel,1734.0,15/02/2019,west
pink morsel,1794.0,16/02/2019,north
pink morsel,1731.0,16/02/2019,south
pink morsel,1674.0,16/02/2019,east
pink morsel,1599.0,16/02/2019,west
pink morsel,1512.0,17/02/2019,north
pink morsel,1653.0,17/02/2019,south
pink morsel,1722.0,17/02/2019,east
pink morsel,1641.0,17/02/2019,west
pink morsel,1695.0,18/02/2019,north
pink morsel,1749.0,18/02/2019,south
pink morsel,1728.0,18/02/2019,east
pink morsel,1764.0,18/02/2019,west
pink morsel,1716.0,19/02/2019,north
pink morsel,1599.0,19/02/2019,south
pink morsel,1596.0,19/02/2019,east
pink morsel,1644.0,19/02/2019,west
pink morsel,1740.0,20/02/2019,north
pink morsel,1641.0,20/02/2019,south
pink morsel,1566.0,20/02/2019,east
pink morsel,1656.0,20/02/2019,west
pink morsel,1599.0,21/02/2019,north
pink morsel,1725.0,21/02/2019,south
pink morsel,1731.0,21/02/2019,east
pink morsel,1719.0,21/02/2019,west
pink morsel,1770.0,22/02/2019,north
pink morsel,1794.0,22/02/2019,south
pink morsel,1725.0,22/02/2019,east
pink morsel,1713.0,22/02/2019,west
pink morsel,1599.0,23/02/2019,north
pink morsel,1743.0,23/02/2019,south
pink morsel,1518.0,23/02/2019,east
pink morsel,1614.0,23/02/2019,west
pink morsel,1692.0,24/02/2019,north
pink morsel,1755.0,24/02/2019,south
pink morsel,1653.0,24/02/2019,east
pink morsel,1524.0,24/02/2019,west
pink morsel,1635.0,25/02/2019,north
pink morsel,1734.0,25/02/2019,south
pink morsel,1713.0,25/02/2019,east
pink morsel,1578.0,25/02/2019,west
pink morsel,1566.0,26/02/2019,north
pink morsel,1653.0,26/02/2019,south
pink morsel,1506.0,26/02/2019,east
pink morsel,1656.0,26/02/2019,west
pink morsel,1593.0,27/02/2019,north
pink morsel,1545.0,27/02/2019,south
pink morsel,1734.0,27/02/2019,east
pink morsel,1635.0,27/02/2019,west
pink morsel,1710.0,28/02/2019,north
pink morsel,1569.0,28/02/2019,south
pink morsel,1731.0,28/02/2019,east
pink morsel,1599.0,28/02/2019,west
pink morsel,1593.0,01/03/2019,north
pink morsel,1707.0,01/03/2019,south
pink morsel,1638.0,01/03/2019,east
pink morsel,1539.0,01/03/2019,west
pink morsel,1782.0,02/03/2019,north
pink morsel,1794.0,02/03/2019,south
pink morsel,1608.0,02/03/2019,east
pink morsel,1689.0,02/03/2019,west
pink morsel,1698.0,03/03/2019,north
pink morsel,1518.0,03/03/2019,south
pink morsel,1593.0,03/03/2019,east
pink morsel,1611.0,03/03/2019,west
pink morsel,1587.0,04/03/2019,north
pink morsel,1686.0,04/03/2019,south
pink morsel,1518.0,04/03/2019,east
pink morsel,1632.0,04/03/2019,west
pink morsel,1566.0,05/03/2019,north
pink morsel,1569.0,05/03/2019,south
pink morsel,1743.0,05/03/2019,east
pink morsel,1557.0,05/03/2019,west
pink morsel,1746.0,06/03/2019,north
pink morsel,1662.0,06/03/2019,south
pink morsel,1674.0,06/03/2019,east
pink morsel,1608.0,06/03/2019,west
pink morsel,1551.0,07/03/2019,north
pink morsel,1581.0,07/03/2019,south
pink morsel,1560.0,07/03/2019,east
pink morsel,1674.0,07/03/2019,west
pink morsel,1521.0,08/03/2019,north
pink morsel,1782.0,08/03/2019,south
pink morsel,1617.0,08/03/2019,east
pink morsel,1797.0,08/03/2019,west
pink morsel,1533.0,09/03/2019,north
pink morsel,1749.0,09/03/2019,south
pink morsel,1656.0,09/03/2019,east
pink morsel,1644.0,09/03/2019,west
pink morsel,1545.0,10/03/2019,north
pink morsel,1776.0,10/03/2019,south
pink morsel,1650.0,10/03/2019,east
pink morsel,1737.0,10/03/2019,west
pink morsel,1659.0,11/03/2019,north
pink morsel,1722.0,11/03/2019,south
pink morsel,1689.0,11/03/2019,east
pink morsel,1692.0,11/03/2019,west
pink morsel,1518.0,12/03/2019,north
pink morsel,1581.0,12/03/2019,south
pink morsel,1626.0,12/03/2019,east
pink morsel,1668.0,12/03/2019,west
pink morsel,1524.0,13/03/2019,north
pink morsel,1797.0,13/03/2019,south
pink morsel,1542.0,13/03/2019,east
pink morsel,1653.0,13/03/2019,west
pink morsel,1677.0,14/03/2019,north
pink morsel,1524.0,14/03/2019,south
pink morsel,1692.0,14/03/2019,east
pink morsel,1704.0,14/03/2019,west
pink morsel,1647.0,15/03/2019,north
pink morsel,1671.0,15/03/2019,south
pink morsel,1563.0,15/03/2019,east
pink morsel,1650.0,15/03/2019,west
pink morsel,1563.0,16/03/2019,north
pink morsel,1680.0,16/03/2019,south
pink morsel,1728.0,16/03/2019,east
pink morsel,1680.0,16/03/2019,west
pink morsel,1683.0,17/03/2019,north
pink morsel,1638.0,17/03/2019,south
pink morsel,1545.0,17/03/2019,east
pink morsel,1671.0,17/03/2019,west
pink morsel,1701.0,18/03/2019,north
pink morsel,1515.0,18/03/2019,south
pink morsel,1764.0,18/03/2019,east
pink morsel,1668.0,18/03/2019,west
pink morsel,1677.0,19/03/2019,north
pink morsel,1752.0,19/03/2019,south
pink morsel,1635.0,19/03/2019,east
pink morsel,1605.0,19/03/2019,west
pink morsel,1635.0,20/03/2019,north
pink morsel,1596.0,20/03/2019,south
pink morsel,1608.0,20/03/2019,east
pink morsel,1779.0,20/03/2019,west
pink morsel,1776.0,21/03/2019,north
pink morsel,1635.0,21/03/2019,south
pink morsel,1791.0,21/03/2019,east
pink morsel,1779.0,21/03/2019,west
pink morsel,1746.0,22/03/2019,north
pink morsel,1545.0,22/03/2019,south
pink morsel,1767.0,22/03/2019,east
pink morsel,1731.0,22/03/2019,west
pink morsel,1734.0,23/03/2019,north
pink morsel,1509.0,23/03/2019,south
pink morsel,1686.0,23/03/2019,east
pink morsel,1797.0,23/03/2019,west
pink morsel,1566.0,24/03/2019,north
pink morsel,1557.0,24/03/2019,south
pink morsel,1797.0,24/03/2019,east
pink morsel,1755.0,24/03/2019,west
pink morsel,1650.0,25/03/2019,north
pink morsel,1500.0,25/03/2019,south
pink morsel,1554.0,25/03/2019,east
pink morsel,1734.0,25/03/2019,west
pink morsel,1701.0,26/03/2019,north
pink morsel,1782.0,26/03/2019,south
pink morsel,1797.0,26/03/2019,east
pink morsel,1557.0,26/03/2019,west
pink morsel,1668.0,27/03/2019,north
pink morsel,1575.0,27/03/2019,south
pink morsel,1608.0,27/03/2019,east
pink morsel,1527.0,27/03/2019,west
pink morsel,1518.0,28/03/2019,north
pink morsel,1509.0,28/03/2019,south
pink morsel,1767.0,28/03/2019,east
pink morsel,1557.0,28/03/2019,west
pink morsel,1605.0,29/03/2019,north
pink morsel,1686.0,29/03/2019,south
pink morsel,1656.0,29/03/2019,east
pink morsel,1653.0,29/03/2019,west
pink morsel,1722.0,30/03/2019,north
pink morsel,1593.0,30/03/2019,south
pink morsel,1557.0,30/03/2019,east
pink morsel,1710.0,30/03/2019,west
pink morsel,1785.0,31/03/2019,north
pink morsel,1710.0,31/03/2019,south
pink morsel,1653.0,31/03/2019,east
pink morsel,1572.0,31/03/2019,west
pink morsel,1512.0,01/04/2019,north
pink morsel,1794.0,01/04/2019,south
pink morsel,1569.0,01/04/2019,east
pink morsel,1608.0,01/04/2019,west
pink morsel,1623.0,02/04/2019,north
pink morsel,1791.0,02/04/2019,south
pink morsel,1785.0,02/04/2019,east
pink morsel,1629.0,02/04/2019,west
pink morsel,1539.0,03/04/2019,north
pink morsel,1626.0,03/04/2019,south
pink morsel,1695.0,03/04/2019,east
pink morsel,1518.0,03/04/2019,west
pink morsel,1530.0,04/04/2019,north
pink morsel,1683.0,04/04/2019,south
pink morsel,1662.0,04/04/2019,east
pink morsel,1632.0,04/04/2019,west
pink morsel,1614.0,05/04/2019,north
pink morsel,1605.0,05/04/2019,south
pink morsel,1662.0,05/04/2019,east
pink morsel,1713.0,05/04/2019,west
pink morsel,1749.0,06/04/2019,north
pink morsel,1713.0,06/04/2019,south
pink morsel,1716.0,06/04/2019,east
pink morsel,1557.0,06/04/2019,west
pink morsel,1605.0,07/04/2019,north
pink morsel,1635.0,07/04/2019,south
pink morsel,1518.0,07/04/2019,east
pink morsel,1632.0,07/04/2019,west
pink morsel,1713.0,08/04/2019,north
pink morsel,1779.0,08/04/2019,south
pink morsel,1743.0,08/04/2019,east
pink morsel,1575.0,08/04/2019,west
pink morsel,1728.0,09/04/2019,north
pink morsel,1719.0,09/04/2019,south
pink morsel,1755.0,09/04/2019,east
pink morsel,1617.0,09/04/2019,west
pink morsel,1542.0,10/04/2019,north
pink morsel,1626.0,10/04/2019,south
pink morsel,1509.0,10/04/2019,east
pink morsel,1638.0,10/04/2019,west
pink morsel,1581.0,11/04/2019,north
pink morsel,1680.0,11/04/2019,south
pink morsel,1569.0,11/04/2019,east
pink morsel,1635.0,11/04/2019,west
pink morsel,1539.0,12/04/2019,north
pink morsel,1587.0,12/04/2019,south
pink morsel,1593.0,12/04/2019,east
pink morsel,1581.0,12/04/2019,west
pink morsel,1515.0,13/04/2019,north
pink morsel,1611.0,13/04/2019,south
pink morsel,1644.0,13/04/2019,east
pink morsel,1794.0,13/04/2019,west
pink morsel,1500.0,14/04/2019,north
pink morsel,1737.0,14/04/2019,south
pink morsel,1722.0,14/04/2019,east
pink morsel,1764.0,14/04/2019,west
pink morsel,1530.0,15/04/2019,north
pink morsel,1602.0,15/04/2019,south
pink morsel,1524.0,15/04/2019,east
pink morsel,1770.0,15/04/2019,west
pink morsel,1596.0,16/04/2019,north
pink morsel,1668.0,16/04/2019,south
pink morsel,1584.0,16/04/2019,east
pink morsel,1713.0,16/04/2019,west
pink morsel,1569.0,17/04/2019,north
pink morsel,1686.0,17/04/2019,south
pink morsel,1647.0,17/04/2019,east
pink morsel,1509.0,17/04/2019,west
pink morsel,1590.0,18/04/2019,north
pink morsel,1650.0,18/04/2019,south
pink morsel,1557.0,18/04/2019,east
pink morsel,1575.0,18/04/2019,west
pink morsel,1773.0,19/04/2019,north
pink morsel,1629.0,19/04/2019,south
pink morsel,1524.0,19/04/2019,east
pink morsel,1512.0,19/04/2019,west
pink morsel,1521.0,20/04/2019,north
pink morsel,1653.0,20/04/2019,south
pink morsel,1584.0,20/04/2019,east
pink morsel,1713.0,20/04/2019,west
pink morsel,1683.0,21/04/2019,north
pink morsel,1749.0,21/04/2019,south
pink morsel,1545.0,21/04/2019,east
pink morsel,1629.0,21/04/2019,west
pink morsel,1533.0,22/04/2019,north
pink morsel,1587.0,22/04/2019,south
pink morsel,1671.0,22/04/2019,east
pink morsel,1650.0,22/04/2019,west
pink morsel,1668.0,23/04/2019,north
pink morsel,1674.0,23/04/2019,south
pink morsel,1728.0,23/04/2019,east
pink morsel,1518.0,23/04/2019,west
pink morsel,1554.0,24/04/2019,north
pink morsel,1719.0,24/04/2019,south
pink morsel,1746.0,24/04/2019,east
pink morsel,1665.0,24/04/2019,west
pink morsel,1503.0,25/04/2019,north
pink morsel,1692.0,25/04/2019,south
pink morsel,1725.0,25/04/2019,east
pink morsel,1764.0,25/04/2019,west
pink morsel,1710.0,26/04/2019,north
pink morsel,1635.0,26/04/2019,south
pink morsel,1764.0,26/04/2019,east
pink morsel,1758.0,26/04/2019,west
pink morsel,1740.0,27/04/2019,north
pink morsel,1776.0,27/04/2019,south
pink morsel,1740.0,27/04/2019,east
pink morsel,1620.0,27/04/2019,west
pink morsel,1566.0,28/04/2019,north
pink morsel,1704.0,28/04/2019,south
pink morsel,1578.0,28/04/2019,east
pink morsel,1503.0,28/04/2019,west
pink morsel,1602.0,29/04/2019,north
pink morsel,1791.0,29/04/2019,south
pink morsel,1752.0,29/04/2019,east
pink morsel,1800.0,29/04/2019,west
pink morsel,1719.0,30/04/2019,north
pink morsel,1767.0,30/04/2019,south
pink morsel,1500.0,30/04/2019,east
pink morsel,1623.0,30/04/2019,west
pink morsel,1665.0,01/05/2019,north
pink morsel,1800.0,01/05/2019,south
pink morsel,1731.0,01/05/2019,east
pink morsel,1542.0,01/05/2019,west
pink morsel,1575.0,02/05/2019,north
pink morsel,1548.0,02/05/2019,south
pink morsel,1797.0,02/05/2019,east
pink morsel,1521.0,02/05/2019,west
pink morsel,1560.0,03/05/2019,north
pink morsel,1521.0,03/05/2019,south
pink morsel,1605.0,03/05/2019,east
pink morsel,1740.0,03/05/2019,west
pink morsel,1617.0,04/05/2019,north
pink morsel,1743.0,04/05/2019,south
pink morsel,1629.0,04/05/2019,east
pink morsel,1749.0,04/05/2019,west
pink morsel,1512.0,05/05/2019,north
pink morsel,1746.0,05/05/2019,south
pink morsel,1530.0,05/05/2019,east
pink morsel,1611.0,05/05/2019,west
pink morsel,1569.0,06/05/2019,north
pink morsel,1689.0,06/05/2019,south
pink morsel,1557.0,06/05/2019,east
pink morsel,1560.0,06/05/2019,west
pink morsel,1650.0,07/05/2019,north
pink morsel,1695.0,07/05/2019,south
pink morsel,1620.0,07/05/2019,east
pink morsel,1644.0,07/05/2019,west
pink morsel,1800.0,08/05/2019,north
pink morsel,1515.0,08/05/2019,south
pink morsel,1785.0,08/05/2019,east
pink morsel,1650.0,08/05/2019,west
pink morsel,1797.0,09/05/2019,north
pink morsel,1641.0,09/05/2019,south
pink morsel,1665.0,09/05/2019,east
pink morsel,1767.0,09/05/2019,west
pink morsel,1500.0,10/05/2019,north
pink morsel,1788.0,10/05/2019,south
pink morsel,1725.0,10/05/2019,east
pink morsel,1557.0,10/05/2019,west
pink morsel,1503.0,11/05/2019,north
pink morsel,1518.0,11/05/2019,south
pink morsel,1650.0,11/05/2019,east
pink morsel,1614.0,11/05/2019,west
pink morsel,1743.0,12/05/2019,north
pink morsel,1524.0,12/05/2019,south
pink morsel,1761.0,12/05/2019,east
pink morsel,1743.0,12/05/2019,west
pink morsel,1563.0,13/05/2019,north
pink morsel,1716.0,13/05/2019,south
pink morsel,1560.0,13/05/2019,east
pink morsel,1614.0,13/05/2019,west
pink morsel,1617.0,14/05/2019,north
pink morsel,1761.0,14/05/2019,south
pink morsel,1635.0,14/05/2019,east
pink morsel,1614.0,14/05/2019,west
pink morsel,1509.0,15/05/2019,north
pink morsel,1650.0,15/05/2019,south
pink morsel,1755.0,15/05/2019,east
pink morsel,1569.0,15/05/2019,west
pink morsel,1605.0,16/05/2019,north
pink morsel,1695.0,16/05/2019,south
pink morsel,1662.0,16/05/2019,east
pink morsel,1605.0,16/05/2019,west
pink morsel,1731.0,17/05/2019,north
pink morsel,1590.0,17/05/2019,south
pink morsel,1620.0,17/05/2019,east
pink morsel,1752.0,17/05/2019,west
pink morsel,1533.0,18/05/2019,north
pink morsel,1737.0,18/05/2019,south
pink morsel,1608.0,18/05/2019,east
pink morsel,1662.0,18/05/2019,west
pink morsel,1797.0,19/05/2019,north
pink morsel,1728.0,19/05/2019,south
pink morsel,1686.0,19/05/2019,east
pink morsel,1650.0,19/05/2019,west
pink morsel,1695.0,20/05/2019,north
pink morsel,1752.0,20/05/2019,south
pink morsel,1785.0,20/05/2019,east
pink morsel,1668.0,20/05/2019,west
pink morsel,1515.0,21/05/2019,north
pink morsel,1683.0,21/05/2019,south
pink morsel,1794.0,21/05/2019,east
pink morsel,1533.0,21/05/2019,west
pink morsel,1599.0,22/05/2019,north
pink morsel,1761.0,22/05/2019,south
pink morsel,1761.0,22/05/2019,east
pink morsel,1722.0,22/05/2019,west
pink morsel,1626.0,23/05/2019,north
pink morsel,1668.0,23/05/2019,south
pink morsel,1641.0,23/05/2019,east
pink morsel,1740.0,23/05/2019,west
pink morsel,1650.0,24/05/2019,north
pink morsel,1623.0,24/05/2019,south
pink morsel,1653.0,24/05/2019,east
pink morsel,1773.0,24/05/2019,west
pink morsel,1788.0,25/05/2019,north
pink morsel,1581.0,25/05/2019,south
pink morsel,1677.0,25/05/2019,east
pink morsel,1569.0,25/05/2019,west
pink morsel,1791.0,26/05/2019,north
pink morsel,1617.0,26/05/2019,south
pink morsel,1638.0,26/05/2019,east
pink morsel,1542.0,26/05/2019,west
pink morsel,1590.0,27/05/2019,north
pink morsel,1704.0,27/05/2019,south
pink morsel,1680.0,27/05/2019,east
pink morsel,1527.0,27/05/2019,west
pink morsel,1635.0,28/05/2019,north
pink morsel,1755.0,28/05/2019,south
pink morsel,1560.0,28/05/2019,east
pink morsel,1533.0,28/05/2019,west
pink morsel,1599.0,29/05/2019,north
pink morsel,1677.0,29/05/2019,south
pink morsel,1581.0,29/05/2019,east
pink morsel,1680.0,29/05/2019,west
pink morsel,1692.0,30/05/2019,north
pink morsel,1644.0,30/05/2019,south
pink morsel,1716.0,30/05/2019,east
pink morsel,1761.0,30/05/2019,west
pink morsel,1716.0,31/05/2019,north
pink morsel,1764.0,31/05/2019,south
pink morsel,1677.0,31/05/2019,east
pink morsel,1605.0,31/05/2019,west
pink morsel,1680.0,01/06/2019,north
pink morsel,1695.0,01/06/2019,south
pink morsel,1548.0,01/06/2019,east
pink morsel,1689.0,01/06/2019,west
pink morsel,1755.0,02/06/2019,north
pink morsel,1707.0,02/06/2019,south
pink morsel,1557.0,02/06/2019,east
pink morsel,1644.0,02/06/2019,west
pink morsel,1719.0,03/06/2019,north
pink morsel,1680.0,03/06/2019,south
pink morsel,1581.0,03/06/2019,east
pink morsel,1749.0,03/06/2019,west
pink morsel,1602.0,04/06/2019,north
pink morsel,1704.0,04/06/2019,south
pink morsel,1602.0,04/06/2019,east
pink morsel,1554.0,04/06/2019,west
pink morsel,1632.0,05/06/2019,north
pink morsel,1560.0,05/06/2019,south
pink morsel,1647.0,05/06/2019,east
pink morsel,1560.0,05/06/2019,west
pink morsel,1662.0,06/06/2019,north
pink morsel,1545.0,06/06/2019,south
pink morsel,1614.0,06/06/2019,east
pink morsel,1746.0,06/06/2019,west
pink morsel,1713.0,07/06/2019,north
pink morsel,1668.0,07/06/2019,south
pink morsel,1503.0,07/06/2019,east
pink morsel,1758.0,07/06/2019,west
pink morsel,1656.0,08/06/2019,north
pink morsel,1560.0,08/06/2019,south
pink morsel,1710.0,08/06/2019,east
pink morsel,1677.0,08/06/2019,west
pink morsel,1782.0,09/06/2019,north
pink morsel,1665.0,09/06/2019,south
pink morsel,1782.0,09/06/2019,east
pink morsel,1797.0,09/06/2019,west
pink morsel,1698.0,10/06/2019,north
pink morsel,1689.0,10/06/2019,south
pink morsel,1623.0,10/06/2019,east
pink morsel,1767.0,10/06/2019,west
pink morsel,1635.0,2019-06-11,north
pink morsel,1563.0,2019-06-11,south
pink morsel,1785.0,2019-06-11,east
pink morsel,1521.0,2019-06-11,west
pink morsel,1728.0,2019-06-12,north
pink morsel,1515.0,2019-06-12,south
pink morsel,1548.0,2019-06-12,east
pink morsel,1677.0,2019-06-12,west
pink morsel,1587.0,2019-06-13,north
pink morsel,1719.0,2019-06-13,south
pink morsel,1587.0,2019-06-13,east
pink morsel,1773.0,2019-06-13,west
pink morsel,1557.0,2019-06-14,north
pink morsel,1680.0,2019-06-14,south
pink morsel,1773.0,2019-06-14,east
pink morsel,1509.0,2019-06-14,west
pink morsel,1602.0,2019-06-15,north
pink morsel,1794.0,2019-06-15,south
pink morsel,1764.0,2019-06-15,east
pink morsel,1785.0,2019-06-15,west
pink morsel,1662.0,2019-06-16,north
pink morsel,1563.0,2019-06-16,south
pink morsel,1671.0,2019-06-16,east
pink morsel,1533.0,2019-06-16,west
pink morsel,1587.0,2019-06-17,north
pink morsel,1512.0,2019-06-17,south
pink morsel,1536.0,2019-06-17,east
pink morsel,1566.0,2019-06-17,west
pink morsel,1767.0,2019-06-18,north
pink morsel,1614.0,2019-06-18,south
pink morsel,1776.0,2019-06-18,east
pink morsel,1728.0,2019-06-18,west
pink morsel,1614.0,2019-06-19,north
pink morsel,1572.0,2019-06-19,south
pink morsel,1614.0,2019-06-19,east
pink morsel,1734.0,2019-06-19,west
pink morsel,1566.0,2019-06-20,north
pink morsel,1632.0,2019-06-20,south
pink morsel,1785.0,2019-06-20,east
pink morsel,1770.0,2019-06-20,west
pink morsel,1725.0,2019-06-21,north
pink morsel,1542.0,2019-06-21,south
pink morsel,1677.0,2019-06-21,east
pink morsel,1533.0,2019-06-21,west
pink morsel,1578.0,2019-06-22,north
pink morsel,1713.0,2019-06-22,south
pink morsel,1776.0,2019-06-22,east
pink morsel,1515.0,2019-06-22,west
pink morsel,1587.0,2019-06-23,north
pink morsel,1770.0,2019-06-23,south
pink morsel,1773.0,2019-06-23,east
pink morsel,1671.0,2019-06-23,west
pink morsel,1704.0,2019-06-24,north
pink morsel,1545.0,2019-06-24,south
pink morsel,1671.0,2019-06-24,east
pink morsel,1800.0,2019-06-24,west
pink morsel,1611.0,2019-06-25,north
pink morsel,1797.0,2019-06-25,south
pink morsel,1623.0,2019-06-25,east
pink morsel,1776.0,2019-06-25,west
pink morsel,1677.0,2019-06-26,north
pink morsel,1800.0,2019-06-26,south
pink morsel,1794.0,2019-06-26,east
pink morsel,1686.0,2019-06-26,west
pink morsel,1671.0,2019-06-27,north
pink morsel,1635.0,2019-06-27,south
pink morsel,1740.0,2019-06-27,east
pink morsel,1671.0,2019-06-27,west
pink morsel,1671.0,2019-06-28,north
pink morsel,1770.0,2019-06-28,south
pink morsel,1773.0,2019-06-28,east
pink morsel,1581.0,2019-06-28,west
pink morsel,1533.0,2019-06-29,north
pink morsel,1650.0,2019-06-29,south
pink morsel,1536.0,2019-06-29,east
pink morsel,1548.0,2019-06-29,west
pink morsel,1785.0,2019-06-30,north
pink morsel,1614.0,2019-06-30,south
pink morsel,1569.0,2019-06-30,east
pink morsel,1800.0,2019-06-30,west
pink morsel,1644.0,2019-07-01,north
pink morsel,1659.0,2019-07-01,south
pink morsel,1659.0,2019-07-01,east
pink morsel,1644.0,2019-07-01,west
pink morsel,1656.0,2019-07-02,north
pink morsel,1566.0,2019-07-02,south
pink morsel,1686.0,2019-07-02,east
pink morsel,1677.0,2019-07-02,west
pink morsel,1770.0,2019-07-03,north
pink morsel,1689.0,2019-07-03,south
pink morsel,1704.0,2019-07-03,east
pink morsel,1800.0,2019-07-03,west
pink morsel,1782.0,2019-07-04,north
pink morsel,1746.0,2019-07-04,south
pink morsel,1527.0,2019-07-04,east
pink morsel,1581.0,2019-07-04,west
pink morsel,1518.0,2019-07-05,north
pink morsel,1554.0,2019-07-05,south
pink morsel,1548.0,2019-07-05,east
pink morsel,1533.0,2019-07-05,west
pink morsel,1791.0,2019-07-06,north
pink morsel,1578.0,2019-07-06,south
pink morsel,1779.0,2019-07-06,east
pink morsel,1704.0,2019-07-06,west
pink morsel,1587.0,2019-07-07,north
pink morsel,1593.0,2019-07-07,south
pink morsel,1644.0,2019-07-07,east
pink morsel,1680.0,2019-07-07,west
pink morsel,1614.0,2019-07-08,north
pink morsel,1704.0,2019-07-08,south
pink morsel,1797.0,2019-07-08,east
pink morsel,1770.0,2019-07-08,west
pink morsel,1605.0,2019-07-09,north
pink morsel,1686.0,2019-07-09,south
pink morsel,1794.0,2019-07-09,east
pink morsel,1713.0,2019-07-09,west
pink morsel,1755.0,2019-07-10,north
pink morsel,1500.0,2019-07-10,south
pink morsel,1632.0,2019-07-10,east
pink morsel,1800.0,2019-07-10,west
pink morsel,1800.0,2019-07-11,north
pink morsel,1650.0,2019-07-11,south
pink morsel,1704.0,2019-07-11,east
pink morsel,1590.0,2019-07-11,west
pink morsel,1779.0,2019-07-12,north
pink morsel,1554.0,2019-07-12,south
pink morsel,1635.0,2019-07-12,east
pink morsel,1608.0,2019-07-12,west
pink morsel,1791.0,2019-07-13,north
pink morsel,1779.0,2019-07-13,south
pink morsel,1527.0,2019-07-13,east
pink morsel,1689.0,2019-07-13,west
pink morsel,1782.0,2019-07-14,north
pink morsel,1662.0,2019-07-14,south
pink morsel,1620.0,2019-07-14,east
pink morsel,1692.0,2019-07-14,west
pink morsel,1551.0,2019-07-15,north
pink morsel,1620.0,2019-07-15,south
pink morsel,1725.0,2019-07-15,east
pink morsel,1602.0,2019-07-15,west
pink morsel,1518.0,2019-07-16,north
pink morsel,1761.0,2019-07-16,south
pink morsel,1539.0,2019-07-16,east
pink morsel,1614.0,2019-07-16,west
pink morsel,1548.0,2019-07-17,north
pink morsel,1551.0,2019-07-17,south
pink morsel,1722.0,2019-07-17,east
pink morsel,1662.0,2019-07-17,west
pink morsel,1509.0,2019-07-18,north
pink morsel,1773.0,2019-07-18,south
pink morsel,1767.0,2019-07-18,east
pink morsel,1581.0,2019-07-18,west
pink morsel,1626.0,2019-07-19,north
pink morsel,1734.0,2019-07-19,south
pink morsel,1761.0,2019-07-19,east
pink morsel,1659.0,2019-07-19,west
pink morsel,1638.0,2019-07-20,north
pink morsel,1539.0,2019-07-20,south
pink morsel,1782.0,2019-07-20,east
pink morsel,1728.0,2019-07-20,west
pink morsel,1746.0,2019-07-21,north
pink morsel,1536.0,2019-07-21,south
pink morsel,1719.0,2019-07-21,east
pink morsel,1773.0,2019-07-21,west
pink morsel,1611.0,2019-07-22,north
pink morsel,1665.0,2019-07-22,south
pink morsel,1506.0,2019-07-22,east
pink morsel,1746.0,2019-07-22,west
pink morsel,1770.0,2019-07-23,north
pink morsel,1734.0,2019-07-23,south
pink morsel,1707.0,2019-07-23,east
pink morsel,1620.0,2019-07-23,west
pink morsel,1569.0,2019-07-24,north
pink morsel,1656.0,2019-07-24,south
pink morsel,1617.0,2019-07-24,east
pink morsel,1638.0,2019-07-24,west
pink morsel,1701.0,2019-07-25,north
pink morsel,1713.0,2019-07-25,south
pink morsel,1557.0,2019-07-25,east
pink morsel,1725.0,2019-07-25,west
pink morsel,1605.0,2019-07-26,north
pink morsel,1770.0,2019-07-26,south
pink morsel,1557.0,2019-07-26,east
pink morsel,1755.0,2019-07-26,west
pink morsel,1737.0,2019-07-27,north
pink morsel,1785.0,2019-07-27,south
pink morsel,1545.0,2019-07-27,east
pink morsel,1560.0,2019-07-27,west
pink morsel,1509.0,2019-07-28,north
pink morsel,1761.0,2019-07-28,south
pink morsel,1551.0,2019-07-28,east
pink morsel,1683.0,2019-07-28,west
pink morsel,1644.0,2019-07-29,north
pink morsel,1608.0,2019-07-29,south
pink morsel,1719.0,2019-07-29,east
pink morsel,1794.0,2019-07-29,west
pink morsel,1764.0,2019-07-30,north
pink morsel,1512.0,2019-07-30,south
pink morsel,1701.0,2019-07-30,east
pink morsel,1797.0,2019-07-30,west
pink morsel,1734.0,2019-07-31,north
pink morsel,1791.0,2019-07-31,south
pink morsel,1761.0,2019-07-31,east
pink morsel,1587.0,2019-07-31,west
pink morsel,1596.0,2019-08-01,north
pink morsel,1542.0,2019-08-01,south
pink morsel,1710.0,2019-08-01,east
pink morsel,1701.0,2019-08-01,west
pink morsel,1647.0,2019-08-02,north
pink morsel,1524.0,2019-08-02,south
pink morsel,1782.0,2019-08-02,east
pink morsel,1716.0,2019-08-02,west
pink morsel,1752.0,2019-08-03,north
pink morsel,1686.0,2019-08-03,south
pink morsel,1764.0,2019-08-03,east
pink morsel,1755.0,2019-08-03,west
pink morsel,1578.0,2019-08-04,north
pink morsel,1539.0,2019-08-04,south
pink morsel,1743.0,2019-08-04,east
pink morsel,1596.0,2019-08-04,west
pink morsel,1506.0,2019-08-05,north
pink morsel,1527.0,2019-08-05,south
pink morsel,1626.0,2019-08-05,east
pink morsel,1530.0,2019-08-05,west
pink morsel,1521.0,2019-08-06,north
pink morsel,1713.0,2019-08-06,south
pink morsel,1761.0,2019-08-06,east
pink morsel,1557.0,2019-08-06,west
pink morsel,1584.0,2019-08-07,north
pink morsel,1764.0,2019-08-07,south
pink morsel,1623.0,2019-08-07,east
pink morsel,1776.0,2019-08-07,west
pink morsel,1749.0,2019-08-08,north
pink morsel,1707.0,2019-08-08,south
pink morsel,1629.0,2019-08-08,east
pink morsel,1773.0,2019-08-08,west
pink morsel,1758.0,2019-08-09,north
pink morsel,1671.0,2019-08-09,south
pink morsel,1659.0,2019-08-09,east
pink morsel,1641.0,2019-08-09,west
pink morsel,1596.0,2019-08-10,north
pink morsel,1626.0,2019-08-10,south
pink morsel,1557.0,2019-08-10,east
pink morsel,1695.0,2019-08-10,west
pink morsel,1659.0,2019-08-11,north
pink morsel,1680.0,2019-08-11,south
pink morsel,1683.0,2019-08-11,east
pink morsel,1692.0,2019-08-11,west
pink morsel,1569.0,2019-08-12,north
pink morsel,1740.0,2019-08-12,south
pink morsel,1650.0,2019-08-12,east
pink morsel,1569.0,2019-08-12,west
pink morsel,1701.0,2019-08-13,north
pink morsel,1677.0,2019-08-13,south
pink morsel,1533.0,2019-08-13,east
pink morsel,1587.0,2019-08-13,west
pink morsel,1713.0,2019-08-14,north
pink morsel,1611.0,2019-08-14,south
pink morsel,1524.0,2019-08-14,east
pink morsel,1725.0,2019-08-14,west
pink morsel,1761.0,2019-08-15,north
pink morsel,1569.0,2019-08-15,south
pink morsel,1668.0,2019-08-15,east
pink morsel,1563.0,2019-08-15,west
pink morsel,1734.0,2019-08-16,north
pink morsel,1524.0,2019-08-16,south
pink morsel,1731.0,2019-08-16,east
pink morsel,1665.0,2019-08-16,west
pink morsel,1710.0,2019-08-17,north
pink morsel,1509.0,2019-08-17,south
pink morsel,1539.0,2019-08-17,east
pink morsel,1533.0,2019-08-17,west
pink morsel,1785.0,2019-08-18,north
pink morsel,1665.0,2019-08-18,south
pink morsel,1722.0,2019-08-18,east
pink morsel,1659.0,2019-08-18,west
pink morsel,1791.0,2019-08-19,north
pink morsel,1680.0,2019-08-19,south
pink morsel,1542.0,2019-08-19,east
pink morsel,1701.0,2019-08-19,west
pink morsel,1671.0,2019-08-20,north
pink morsel,1656.0,2019-08-20,south
pink morsel,1536.0,2019-08-20,east
pink morsel,1800.0,2019-08-20,west
pink morsel,1605.0,2019-08-21,north
pink morsel,1671.0,2019-08-21,south
pink morsel,1590.0,2019-08-21,east
pink morsel,1545.0,2019-08-21,west
pink morsel,1500.0,2019-08-22,north
pink morsel,1779.0,2019-08-22,south
pink morsel,1656.0,2019-08-22,east
pink morsel,1731.0,2019-08-22,west
pink morsel,1614.0,2019-08-23,north
pink morsel,1782.0,2019-08-23,south
pink morsel,1629.0,2019-08-23,east
pink morsel,1635.0,2019-08-23,west
pink morsel,1548.0,2019-08-24,north
pink morsel,1776.0,2019-08-24,south
pink morsel,1743.0,2019-08-24,east
pink morsel,1737.0,2019-08-24,west
pink morsel,1644.0,2019-08-25,north
pink morsel,1626.0,2019-08-25,south
pink morsel,1680.0,2019-08-25,east
pink morsel,1524.0,2019-08-25,west
pink morsel,1515.0,2019-08-26,north
pink morsel,1704.0,2019-08-26,south
pink morsel,1653.0,2019-08-26,east
pink morsel,1554.0,2019-08-26,west
pink morsel,1644.0,2019-08-27,north
pink morsel,1674.0,2019-08-27,south
pink morsel,1665.0,2019-08-27,east
pink morsel,1755.0,2019-08-27,west
pink morsel,1566.0,2019-08-28,north
pink morsel,1659.0,2019-08-28,south
pink morsel,1515.0,2019-08-28,east
pink morsel,1779.0,2019-08-28,west
pink morsel,1572.0,2019-08-29,north
pink morsel,1770.0,2019-08-29,south
pink morsel,1632.0,2019-08-29,east
pink morsel,1677.0,2019-08-29,west
pink morsel,1755.0,2019-08-30,north
pink morsel,1527.0,2019-08-30,south
pink morsel,1623.0,2019-08-30,east
pink morsel,1668.0,2019-08-30,west
pink morsel,1683.0,2019-08-31,north
pink morsel,1698.0,2019-08-31,south
pink morsel,1749.0,2019-08-31,east
pink morsel,1632.0,2019-08-31,west
pink morsel,1785.0,2019-09-01,north
pink morsel,1707.0,2019-09-01,south
pink morsel,1518.0,2019-09-01,east
pink morsel,1563.0,2019-09-01,west
pink morsel,1701.0,2019-09-02,north
pink morsel,1605.0,2019-09-02,south
pink morsel,1596.0,2019-09-02,east
pink morsel,1605.0,2019-09-02,west
pink morsel,1716.0,2019-09-03,north
pink morsel,1569.0,2019-09-03,south
pink morsel,1725.0,2019-09-03,east
pink morsel,1542.0,2019-09-03,west
pink morsel,1692.0,2019-09-04,north
pink morsel,1560.0,2019-09-04,south
pink morsel,1515.0,2019-09-04,east
pink morsel,1653.0,2019-09-04,west
pink morsel,1629.0,2019-09-05,north
pink morsel,1668.0,2019-09-05,south
pink morsel,1698.0,2019-09-05,east
pink morsel,1677.0,2019-09-05,west
pink morsel,1503.0,2019-09-06,north
pink morsel,1776.0,2019-09-06,south
pink morsel,1509.0,2019-09-06,east
pink morsel,1665.0,2019-09-06,west
pink morsel,1683.0,2019-09-07,north
pink morsel,1530.0,2019-09-07,south
pink morsel,1782.0,2019-09-07,east
pink morsel,1584.0,2019-09-07,west
pink morsel,1743.0,2019-09-08,north
pink morsel,1551.0,2019-09-08,south
pink morsel,1620.0,2019-09-08,east
pink morsel,1791.0,2019-09-08,west
pink morsel,1674.0,2019-09-09,north
pink morsel,1797.0,2019-09-09,south
pink morsel,1773.0,2019-09-09,east
pink morsel,1596.0,2019-09-09,west
pink morsel,1617.0,2019-09-10,north
pink morsel,1764.0,2019-09-10,south
pink morsel,1632.0,2019-09-10,east
pink morsel,1506.0,2019-09-10,west
pink morsel,1533.0,2019-09-11,north
pink morsel,1677.0,2019-09-11,south
pink morsel,1746.0,2019-09-11,east
pink morsel,1668.0,2019-09-11,west
pink morsel,1797.0,2019-09-12,north
pink morsel,1545.0,2019-09-12,south
pink morsel,1701.0,2019-09-12,east
pink morsel,1578.0,2019-09-12,west
pink morsel,1626.0,2019-09-13,north
pink morsel,1512.0,2019-09-13,south
pink morsel,1788.0,2019-09-13,east
pink morsel,1671.0,2019-09-13,west
pink morsel,1728.0,2019-09-14,north
pink morsel,1653.0,2019-09-14,south
pink morsel,1644.0,2019-09-14,east
pink morsel,1734.0,2019-09-14,west
pink morsel,1746.0,2019-09-15,north
pink morsel,1524.0,2019-09-15,south
pink morsel,1611.0,2019-09-15,east
pink morsel,1626.0,2019-09-15,west
pink morsel,1668.0,2019-09-16,north
pink morsel,1734.0,2019-09-16,south
pink morsel,1797.0,2019-09-16,east
pink morsel,1725.0,2019-09-16,west
pink morsel,1656.0,2019-09-17,north
pink morsel,1530.0,2019-09-17,south
pink morsel,1695.0,2019-09-17,east
pink morsel,1656.0,2019-09-17,west
pink morsel,1797.0,2019-09-18,north
pink morsel,1515.0,2019-09-18,south
pink morsel,1638.0,2019-09-18,east
pink morsel,1797.0,2019-09-18,west
pink morsel,1800.0,2019-09-19,north
pink morsel,1560.0,2019-09-19,south
pink morsel,1506.0,2019-09-19,east
pink morsel,1581.0,2019-09-19,west
pink morsel,1515.0,2019-09-20,north
pink morsel,1527.0,2019-09-20,south
pink morsel,1758.0,2019-09-20,east
pink morsel,1638.0,2019-09-20,west
pink morsel,1605.0,2019-09-21,north
pink morsel,1716.0,2019-09-21,south
pink morsel,1569.0,2019-09-21,east
pink morsel,1674.0,2019-09-21,west
pink morsel,1632.0,2019-09-22,north
pink morsel,1734.0,2019-09-22,south
pink morsel,1530.0,2019-09-22,east
pink morsel,1689.0,2019-09-22,west
pink morsel,1641.0,2019-09-23,north
pink morsel,1779.0,2019-09-23,south
pink morsel,1659.0,2019-09-23,east
pink morsel,1797.0,2019-09-23,west
pink morsel,1767.0,2019-09-24,north
pink morsel,1755.0,2019-09-24,south
pink morsel,1602.0,2019-09-24,east
pink morsel,1524.0,2019-09-24,west
pink morsel,1794.0,2019-09-25,north
pink morsel,1626.0,2019-09-25,south
pink morsel,1617.0,2019-09-25,east
pink morsel,1773.0,2019-09-25,west
pink morsel,1719.0,2019-09-26,north
pink morsel,1509.0,2019-09-26,south
pink morsel,1686.0,2019-09-26,east
pink morsel,1668.0,2019-09-26,west
pink morsel,1731.0,2019-09-27,north
pink morsel,1590.0,2019-09-27,south
pink morsel,1728.0,2019-09-27,east
pink morsel,1722.0,2019-09-27,west
pink morsel,1548.0,2019-09-28,north
pink morsel,1599.0,2019-09-28,south
pink morsel,1605.0,2019-09-28,east
pink morsel,1671.0,2019-09-28,west
pink morsel,1512.0,2019-09-29,north
pink morsel,1650.0,2019-09-29,south
pink morsel,1614.0,2019-09-29,east
pink morsel,1674.0,2019-09-29,west
pink morsel,1638.0,2019-09-30,north
pink morsel,1731.0,2019-09-30,south
pink morsel,1716.0,2019-09-30,east
pink morsel,1566.0,2019-09-30,west
pink morsel,1707.0,2019-10-01,north
pink morsel,1554.0,2019-10-01,south
pink morsel,1632.0,2019-10-01,east
pink morsel,1584.0,2019-10-01,west
pink morsel,1653.0,2019-10-02,north
pink morsel,1770.0,2019-10-02,south
pink morsel,1758.0,2019-10-02,east
pink morsel,1569.0,2019-10-02,west
pink morsel,1797.0,2019-10-03,north
pink morsel,1551.0,2019-10-03,south
pink morsel,1677.0,2019-10-03,east
pink morsel,1599.0,2019-10-03,west
pink morsel,1512.0,2019-10-04,north
pink morsel,1635.0,2019-10-04,south
pink morsel,1749.0,2019-10-04,east
pink morsel,1689.0,2019-10-04,west
pink morsel,1614.0,2019-10-05,north
pink morsel,1527.0,2019-10-05,south
pink morsel,1521.0,2019-10-05,east
pink morsel,1725.0,2019-10-05,west
pink morsel,1587.0,2019-10-06,north
pink morsel,1701.0,2019-10-06,south
pink morsel,1566.0,2019-10-06,east
pink morsel,1752.0,2019-10-06,west
pink morsel,1668.0,2019-10-07,north
pink morsel,1686.0,2019-10-07,south
pink morsel,1611.0,2019-10-07,east
pink morsel,1569.0,2019-10-07,west
pink morsel,1599.0,2019-10-08,north
pink morsel,1539.0,2019-10-08,south
pink morsel,1611.0,2019-10-08,east
pink morsel,1605.0,2019-10-08,west
pink morsel,1680.0,2019-10-09,north
pink morsel,1704.0,2019-10-09,south
pink morsel,1689.0,2019-10-09,east
pink morsel,1644.0,2019-10-09,west
pink morsel,1701.0,2019-10-10,north
pink morsel,1560.0,2019-10-10,south
pink morsel,1791.0,2019-10-10,east
pink morsel,1698.0,2019-10-10,west
pink morsel,1539.0,2019-10-11,north
pink morsel,1542.0,2019-10-11,south
pink morsel,1704.0,2019-10-11,east
pink morsel,1728.0,2019-10-11,west
pink morsel,1590.0,2019-10-12,north
pink morsel,1743.0,2019-10-12,south
pink morsel,1569.0,2019-10-12,east
pink morsel,1722.0,2019-10-12,west
pink morsel,1545.0,2019-10-13,north
pink morsel,1533.0,2019-10-13,south
pink morsel,1674.0,2019-10-13,east
pink morsel,1704.0,2019-10-13,west
pink morsel,1524.0,2019-10-14,north
pink morsel,1578.0,2019-10-14,south
pink morsel,1692.0,2019-10-14,east
pink morsel,1635.0,2019-10-14,west
pink morsel,1782.0,2019-10-15,north
pink morsel,1587.0,2019-10-15,south
pink morsel,1638.0,2019-10-15,east
pink morsel,1752.0,2019-10-15,west
pink morsel,1542.0,2019-10-16,north
pink morsel,1608.0,2019-10-16,south
pink morsel,1683.0,2019-10-16,east
pink morsel,1596.0,2019-10-16,west
pink morsel,1527.0,2019-10-17,north
pink morsel,1737.0,2019-10-17,south
pink morsel,1671.0,2019-10-17,east
pink morsel,1662.0,2019-10-17,west
pink morsel,1518.0,2019-10-18,north
pink morsel,1746.0,2019-10-18,south
pink morsel,1590.0,2019-10-18,east
pink morsel,1710.0,2019-10-18,west
pink morsel,1647.0,2019-10-19,north
pink morsel,1737.0,2019-10-19,south
pink morsel,1761.0,2019-10-19,east
pink morsel,1587.0,2019-10-19,west
pink morsel,1701.0,2019-10-20,north
pink morsel,1524.0,2019-10-20,south
pink morsel,1677.0,2019-10-20,east
pink morsel,1725.0,2019-10-20,west
pink morsel,1653.0,2019-10-21,north
pink morsel,1686.0,2019-10-21,south
pink morsel,1698.0,2019-10-21,east
pink morsel,1560.0,2019-10-21,west
pink morsel,1515.0,2019-10-22,north
pink morsel,1734.0,2019-10-22,south
pink morsel,1551.0,2019-10-22,east
pink morsel,1713.0,2019-10-22,west
pink morsel,1758.0,2019-10-23,north
pink morsel,1644.0,2019-10-23,south
pink morsel,1758.0,2019-10-23,east
pink morsel,1641.0,2019-10-23,west
pink morsel,1617.0,2019-10-24,north
pink morsel,1611.0,2019-10-24,south
pink morsel,1788.0,2019-10-24,east
pink morsel,1602.0,2019-10-24,west
pink morsel,1638.0,2019-10-25,north
pink morsel,1620.0,2019-10-25,south
pink morsel,1665.0,2019-10-25,east
pink morsel,1500.0,2019-10-25,west
pink morsel,1671.0,2019-10-26,north
pink morsel,1566.0,2019-10-26,south
pink morsel,1740.0,2019-10-26,east
pink morsel,1599.0,2019-10-26,west
pink morsel,1710.0,2019-10-27,north
pink morsel,1668.0,2019-10-27,south
pink morsel,1740.0,2019-10-27,east
pink morsel,1698.0,2019-10-27,west
pink morsel,1503.0,2019-10-28,north
pink morsel,1689.0,2019-10-28,south
pink morsel,1626.0,2019-10-28,east
pink morsel,1674.0,2019-10-28,west
pink morsel,1542.0,2019-10-29,north
pink morsel,1692.0,2019-10-29,south
pink morsel,1719.0,2019-10-29,east
pink morsel,1512.0,2019-10-29,west
pink morsel,1731.0,2019-10-30,north
pink morsel,1644.0,2019-10-30,south
pink morsel,1746.0,2019-10-30,east
pink morsel,1689.0,2019-10-30,west
pink morsel,1800.0,2019-10-31,north
pink morsel,1527.0,2019-10-31,south
pink morsel,1533.0,2019-10-31,east
pink morsel,1800.0,2019-10-31,west
pink morsel,1644.0,2019-11-01,north
pink morsel,1500.0,2019-11-01,south
pink morsel,1800.0,2019-11-01,east
pink morsel,1767.0,2019-11-01,west
pink morsel,1791.0,2019-11-02,north
pink morsel,1776.0,2019-11-02,south
pink morsel,1596.0,2019-11-02,east
pink morsel,1734.0,2019-11-02,west
pink morsel,1542.0,2019-11-03,north
pink morsel,1608.0,2019-11-03,south
pink morsel,1617.0,2019-11-03,east
pink morsel,1623.0,2019-11-03,west
pink morsel,1674.0,2019-11-04,north
pink morsel,1782.0,2019-11-04,south
pink morsel,1680.0,2019-11-04,east
pink morsel,1512.0,2019-11-04,west
pink morsel,1500.0,2019-11-05,north
pink morsel,1668.0,2019-11-05,south
pink morsel,1758.0,2019-11-05,east
pink morsel,1533.0,2019-11-05,west
pink morsel,1785.0,2019-11-06,north
pink morsel,1533.0,2019-11-06,south
pink morsel,1659.0,2019-11-06,east
pink morsel,1506.0,2019-11-06,west
pink morsel,1656.0,2019-11-07,north
pink morsel,1728.0,2019-11-07,south
pink morsel,1728.0,2019-11-07,east
pink morsel,1713.0,2019-11-07,west
pink morsel,1797.0,2019-11-08,north
pink morsel,1686.0,2019-11-08,south
pink morsel,1584.0,2019-11-08,east
pink morsel,1713.0,2019-11-08,west
pink morsel,1665.0,2019-11-09,north
pink morsel,1557.0,2019-11-09,south
pink morsel,1656.0,2019-11-09,east
pink morsel,1767.0,2019-11-09,west
pink morsel,1515.0,2019-11-10,north
pink morsel,1761.0,2019-11-10,south
pink morsel,1767.0,2019-11-10,east
pink morsel,1641.0,2019-11-10,west
pink morsel,1584.0,2019-11-11,north
pink morsel,1545.0,2019-11-11,south
pink morsel,1695.0,2019-11-11,east
pink morsel,1761.0,2019-11-11,west
pink morsel,1701.0,2019-11-12,north
pink morsel,1767.0,2019-11-12,south
pink morsel,1632.0,2019-11-12,east
pink morsel,1704.0,2019-11-12,west
pink morsel,1599.0,2019-11-13,north
pink morsel,1509.0,2019-11-13,south
pink morsel,1728.0,2019-11-13,east
pink morsel,1683.0,2019-11-13,west
pink morsel,1740.0,2019-11-14,north
pink morsel,1626.0,2019-11-14,south
pink morsel,1572.0,2019-11-14,east
pink morsel,1716.0,2019-11-14,west
pink morsel,1641.0,2019-11-15,north
pink morsel,1560.0,2019-11-15,south
pink morsel,1614.0,2019-11-15,east
pink morsel,1605.0,2019-11-15,west
pink morsel,1503.0,2019-11-16,north
pink morsel,1638.0,2019-11-16,south
pink morsel,1662.0,2019-11-16,east
pink morsel,1653.0,2019-11-16,west
pink morsel,1734.0,2019-11-17,north
pink morsel,1599.0,2019-11-17,south
pink morsel,1515.0,2019-11-17,east
pink morsel,1608.0,2019-11-17,west
pink morsel,1566.0,2019-11-18,north
pink morsel,1734.0,2019-11-18,south
pink morsel,1719.0,2019-11-18,east
pink morsel,1773.0,2019-11-18,west
pink morsel,1791.0,2019-11-19,north
pink morsel,1779.0,2019-11-19,south
pink morsel,1641.0,2019-11-19,east
pink morsel,1617.0,2019-11-19,west
pink morsel,1533.0,2019-11-20,north
pink morsel,1527.0,2019-11-20,south
pink morsel,1512.0,2019-11-20,east
pink morsel,1515.0,2019-11-20,west
pink morsel,1734.0,2019-11-21,north
pink morsel,1668.0,2019-11-21,south
pink morsel,1665.0,2019-11-21,east
pink morsel,1644.0,2019-11-21,west
pink morsel,1767.0,2019-11-22,north
pink morsel,1647.0,2019-11-22,south
pink morsel,1665.0,2019-11-22,east
pink morsel,1776.0,2019-11-22,west
pink morsel,1665.0,2019-11-23,north
pink morsel,1632.0,2019-11-23,south
pink morsel,1521.0,2019-11-23,east
pink morsel,1659.0,2019-11-23,west
pink morsel,1623.0,2019-11-24,north
pink morsel,1698.0,2019-11-24,south
pink morsel,1596.0,2019-11-24,east
pink morsel,1674.0,2019-11-24,west
pink morsel,1749.0,2019-11-25,north
pink morsel,1536.0,2019-11-25,south
pink morsel,1734.0,2019-11-25,east
pink morsel,1716.0,2019-11-25,west
pink morsel,1599.0,2019-11-26,north
pink morsel,1500.0,2019-11-26,south
pink morsel,1518.0,2019-11-26,east
pink morsel,1584.0,2019-11-26,west
pink morsel,1551.0,2019-11-27,north
pink morsel,1701.0,2019-11-27,south
pink morsel,1689.0,2019-11-27,east
pink morsel,1746.0,2019-11-27,west
pink morsel,1725.0,2019-11-28,north
pink morsel,1776.0,2019-11-28,south
pink morsel,1707.0,2019-11-28,east
pink morsel,1794.0,2019-11-28,west
pink morsel,1641.0,2019-11-29,north
pink morsel,1653.0,2019-11-29,south
pink morsel,1716.0,2019-11-29,east
pink morsel,1776.0,2019-11-29,west
pink morsel,1797.0,2019-11-30,north
pink morsel,1782.0,2019-11-30,south
pink morsel,1653.0,2019-11-30,east
pink morsel,1596.0,2019-11-30,west
pink morsel,1704.0,2019-12-01,north
pink morsel,1626.0,2019-12-01,south
pink morsel,1617.0,2019-12-01,east
pink morsel,1680.0,2019-12-01,west
pink morsel,1608.0,2019-12-02,north
pink morsel,1713.0,2019-12-02,south
pink morsel,1632.0,2019-12-02,east
pink morsel,1680.0,2019-12-02,west
pink morsel,1791.0,2019-12-03,north
pink morsel,1761.0,2019-12-03,south
pink morsel,1749.0,2019-12-03,east
pink morsel,1626.0,2019-12-03,west
pink morsel,1773.0,2019-12-04,north
pink morsel,1623.0,2019-12-04,south
pink morsel,1662.0,2019-12-04,east
pink morsel,1731.0,2019-12-04,west
pink morsel,1755.0,2019-12-05,north
pink morsel,1602.0,2019-12-05,south
pink morsel,1740.0,2019-12-05,east
pink morsel,1605.0,2019-12-05,west
pink morsel,1680.0,2019-12-06,north
pink morsel,1572.0,2019-12-06,south
pink morsel,1542.0,2019-12-06,east
pink morsel,1779.0,2019-12-06,west
pink morsel,1671.0,2019-12-07,north
pink morsel,1722.0,2019-12-07,south
pink morsel,1728.0,2019-12-07,east
pink morsel,1659.0,2019-12-07,west
pink morsel,1770.0,2019-12-08,north
pink morsel,1632.0,2019-12-08,south
pink morsel,1536.0,2019-12-08,east
pink morsel,1734.0,2019-12-08,west
pink morsel,1584.0,2019-12-09,north
pink morsel,1713.0,2019-12-09,south
pink morsel,1728.0,2019-12-09,east
pink morsel,1725.0,2019-12-09,west
pink morsel,1506.0,2019-12-10,north
pink morsel,1503.0,2019-12-10,south
pink morsel,1521.0,2019-12-10,east
pink morsel,1713.0,2019-12-10,west
pink morsel,1635.0,2019-12-11,north
pink morsel,1506.0,2019-12-11,south
pink morsel,1542.0,2019-12-11,east
pink morsel,1551.0,2019-12-11,west
pink morsel,1623.0,2019-12-12,north
pink morsel,1719.0,2019-12-12,south
pink morsel,1563.0,2019-12-12,east
pink morsel,1791.0,2019-12-12,west
pink morsel,1800.0,2019-12-13,north
pink morsel,1800.0,2019-12-13,south
pink morsel,1740.0,2019-12-13,east
pink morsel,1755.0,2019-12-13,west
pink morsel,1716.0,2019-12-14,north
pink morsel,1632.0,2019-12-14,south
pink morsel,1599.0,2019-12-14,east
pink morsel,1632.0,2019-12-14,west
pink morsel,1725.0,2019-12-15,north
pink morsel,1743.0,2019-12-15,south
pink morsel,1587.0,2019-12-15,east
pink morsel,1608.0,2019-12-15,west
pink morsel,1662.0,2019-12-16,north
pink morsel,1791.0,2019-12-16,south
pink morsel,1773.0,2019-12-16,east
pink morsel,1650.0,2019-12-16,west
pink morsel,1518.0,2019-12-17,north
pink morsel,1749.0,2019-12-17,south
pink morsel,1689.0,2019-12-17,east
pink morsel,1533.0,2019-12-17,west
pink morsel,1533.0,2019-12-18,north
pink morsel,1641.0,2019-12-18,south
pink morsel,1590.0,2019-12-18,east
pink morsel,1740.0,2019-12-18,west
pink morsel,1665.0,2019-12-19,north
pink morsel,1773.0,2019-12-19,south
pink morsel,1503.0,2019-12-19,east
pink morsel,1542.0,2019-12-19,west
pink morsel,1788.0,2019-12-20,north
pink morsel,1773.0,2019-12-20,south
pink morsel,1788.0,2019-12-20,east
pink morsel,1785.0,2019-12-20,west
pink morsel,1605.0,2019-12-21,north
pink morsel,1701.0,2019-12-21,south
pink morsel,1626.0,2019-12-21,east
pink morsel,1623.0,2019-12-21,west
pink morsel,1671.0,2019-12-22,north
pink morsel,1629.0,2019-12-22,south
pink morsel,1725.0,2019-12-22,east
pink morsel,1557.0,2019-12-22,west
pink morsel,1671.0,2019-12-23,north
pink morsel,1662.0,2019-12-23,south
pink morsel,1674.0,2019-12-23,east
pink morsel,1671.0,2019-12-23,west
pink morsel,1620.0,2019-12-24,north
pink morsel,1716.0,2019-12-24,south
pink morsel,1674.0,2019-12-24,east
pink morsel,1686.0,2019-12-24,west
pink morsel,1752.0,2019-12-25,north
pink morsel,1725.0,2019-12-25,south
pink morsel,1545.0,2019-12-25,east
pink morsel,1506.0,2019-12-25,west
pink morsel,1539.0,2019-12-26,north
pink morsel,1716.0,2019-12-26,south
pink morsel,1500.0,2019-12-26,east
pink morsel,1794.0,2019-12-26,west
pink morsel,1716.0,2019-12-27,north
pink morsel,1665.0,2019-12-27,south
pink morsel,1557.0,2019-12-27,east
pink morsel,1620.0,2019-12-27,west
pink morsel,1779.0,2019-12-28,north
pink morsel,1779.0,2019-12-28,south
pink morsel,1752.0,2019-12-28,east
pink morsel,1773.0,2019-12-28,west
pink morsel,1800.0,2019-12-29,north
pink morsel,1773.0,2019-12-29,south
pink morsel,1767.0,2019-12-29,east
pink morsel,1683.0,2019-12-29,west
pink morsel,1542.0,2019-12-30,north
pink morsel,1728.0,2019-12-30,south
pink morsel,1569.0,2019-12-30,east
pink morsel,1659.0,2019-12-30,west
pink morsel,1581.0,2019-12-31,north
pink morsel,1713.0,2019-12-31,south
pink morsel,1533.0,2019-12-31,east
pink morsel,1692.0,2019-12-31,west
pink morsel,1506.0,2020-01-01,north
pink morsel,1659.0,2020-01-01,south
pink morsel,1719.0,2020-01-01,east
pink morsel,1704.0,2020-01-01,west
pink morsel,1767.0,2020-01-02,north
pink morsel,1542.0,2020-01-02,south
pink morsel,1542.0,2020-01-02,east
pink morsel,1629.0,2020-01-02,west
pink morsel,1659.0,2020-01-03,north
pink morsel,1539.0,2020-01-03,south
pink morsel,1734.0,2020-01-03,east
pink morsel,1761.0,2020-01-03,west
pink morsel,1560.0,2020-01-04,north
pink morsel,1767.0,2020-01-04,south
pink morsel,1791.0,2020-01-04,east
pink morsel,1632.0,2020-01-04,west
pink morsel,1716.0,2020-01-05,north
pink morsel,1536.0,2020-01-05,south
pink morsel,1662.0,2020-01-05,east
pink morsel,1680.0,2020-01-05,west
pink morsel,1689.0,2020-01-06,north
pink morsel,1779.0,2020-01-06,south
pink morsel,1512.0,2020-01-06,east
pink morsel,1578.0,2020-01-06,west
pink morsel,1560.0,2020-01-07,north
pink morsel,1581.0,2020-01-07,south
pink morsel,1677.0,2020-01-07,east
pink morsel,1599.0,2020-01-07,west
pink morsel,1713.0,2020-01-08,north
pink morsel,1800.0,2020-01-08,south
pink morsel,1767.0,2020-01-08,east
pink morsel,1752.0,2020-01-08,west
pink morsel,1509.0,2020-01-09,north
pink morsel,1539.0,2020-01-09,south
pink morsel,1671.0,2020-01-09,east
pink morsel,1668.0,2020-01-09,west
pink morsel,1692.0,2020-01-10,north
pink morsel,1584.0,2020-01-10,south
pink morsel,1710.0,2020-01-10,east
pink morsel,1686.0,2020-01-10,west
pink morsel,1617.0,2020-01-11,north
pink morsel,1665.0,2020-01-11,south
pink morsel,1722.0,2020-01-11,east
pink morsel,1551.0,2020-01-11,west
pink morsel,1620.0,2020-01-12,north
pink morsel,1791.0,2020-01-12,south
pink morsel,1662.0,2020-01-12,east
pink morsel,1656.0,2020-01-12,west
pink morsel,1644.0,2020-01-13,north
pink morsel,1659.0,2020-01-13,south
pink morsel,1740.0,2020-01-13,east
pink morsel,1668.0,2020-01-13,west
pink morsel,1566.0,2020-01-14,north
pink morsel,1575.0,2020-01-14,south
pink morsel,1566.0,2020-01-14,east
pink morsel,1578.0,2020-01-14,west
pink morsel,1737.0,2020-01-15,north
pink morsel,1596.0,2020-01-15,south
pink morsel,1776.0,2020-01-15,east
pink morsel,1638.0,2020-01-15,west
pink morsel,1749.0,2020-01-16,north
pink morsel,1752.0,2020-01-16,south
pink morsel,1635.0,2020-01-16,east
pink morsel,1581.0,2020-01-16,west
pink morsel,1521.0,2020-01-17,north
pink morsel,1536.0,2020-01-17,south
pink morsel,1665.0,2020-01-17,east
pink morsel,1782.0,2020-01-17,west
pink morsel,1650.0,2020-01-18,north
pink morsel,1749.0,2020-01-18,south
pink morsel,1797.0,2020-01-18,east
pink morsel,1650.0,2020-01-18,west
pink morsel,1608.0,2020-01-19,north
pink morsel,1608.0,2020-01-19,south
pink morsel,1575.0,2020-01-19,east
pink morsel,1590.0,2020-01-19,west
pink morsel,1665.0,2020-01-20,north
pink morsel,1596.0,2020-01-20,south
pink morsel,1581.0,2020-01-20,east
pink morsel,1695.0,2020-01-20,west
pink morsel,1647.0,2020-01-21,north
pink morsel,1776.0,2020-01-21,south
pink morsel,1719.0,2020-01-21,east
pink morsel,1578.0,2020-01-21,west
pink morsel,1503.0,2020-01-22,north
pink morsel,1569.0,2020-01-22,south
pink morsel,1731.0,2020-01-22,east
pink morsel,1551.0,2020-01-22,west
pink morsel,1626.0,2020-01-23,north
pink morsel,1518.0,2020-01-23,south
pink morsel,1575.0,2020-01-23,east
pink morsel,1611.0,2020-01-23,west
pink morsel,1629.0,2020-01-24,north
pink morsel,1704.0,2020-01-24,south
pink morsel,1656.0,2020-01-24,east
pink morsel,1554.0,2020-01-24,west
pink morsel,1575.0,2020-01-25,north
pink morsel,1638.0,2020-01-25,south
pink morsel,1635.0,2020-01-25,east
pink morsel,1548.0,2020-01-25,west
pink morsel,1710.0,2020-01-26,north
pink morsel,1584.0,2020-01-26,south
pink morsel,1716.0,2020-01-26,east
pink morsel,1602.0,2020-01-26,west
pink morsel,1569.0,2020-01-27,north
pink morsel,1506.0,2020-01-27,south
pink morsel,1671.0,2020-01-27,east
pink morsel,1584.0,2020-01-27,west
pink morsel,1689.0,2020-01-28,north
pink morsel,1773.0,2020-01-28,south
pink morsel,1647.0,2020-01-28,east
pink morsel,1503.0,2020-01-28,west
pink morsel,1593.0,2020-01-29,north
pink morsel,1506.0,2020-01-29,south
pink morsel,1740.0,2020-01-29,east
pink morsel,1572.0,2020-01-29,west
pink morsel,1620.0,2020-01-30,north
pink morsel,1542.0,2020-01-30,south
pink morsel,1593.0,2020-01-30,east
pink morsel,1500.0,2020-01-30,west
pink morsel,1635.0,2020-01-31,north
pink morsel,1656.0,2020-01-31,south
pink morsel,1779.0,2020-01-31,east
pink morsel,1605.0,2020-01-31,west
pink morsel,1602.0,2020-02-01,north
pink morsel,1794.0,2020-02-01,south
pink morsel,1677.0,2020-02-01,east
pink morsel,1521.0,2020-02-01,west
pink morsel,1707.0,2020-02-02,north
pink morsel,1665.0,2020-02-02,south
pink morsel,1713.0,2020-02-02,east
pink morsel,1659.0,2020-02-02,west
pink morsel,1548.0,2020-02-03,north
pink morsel,1647.0,2020-02-03,south
pink morsel,1764.0,2020-02-03,east
pink morsel,1662.0,2020-02-03,west
pink morsel,1563.0,2020-02-04,north
pink morsel,1755.0,2020-02-04,south
pink morsel,1659.0,2020-02-04,east
pink morsel,1575.0,2020-02-04,west
pink morsel,1716.0,2020-02-05,north
pink morsel,1506.0,2020-02-05,south
pink morsel,1734.0,2020-02-05,east
pink morsel,1704.0,2020-02-05,west
pink morsel,1512.0,2020-02-06,north
pink morsel,1572.0,2020-02-06,south
pink morsel,1782.0,2020-02-06,east
pink morsel,1554.0,2020-02-06,west
pink morsel,1782.0,2020-02-07,north
pink morsel,1701.0,2020-02-07,south
pink morsel,1698.0,2020-02-07,east
pink morsel,1671.0,2020-02-07,west
pink morsel,1584.0,2020-02-08,north
pink morsel,1602.0,2020-02-08,south
pink morsel,1755.0,2020-02-08,east
pink morsel,1614.0,2020-02-08,west
pink morsel,1743.0,2020-02-09,north
pink morsel,1788.0,2020-02-09,south
pink morsel,1644.0,2020-02-09,east
pink morsel,1728.0,2020-02-09,west
pink morsel,1599.0,2020-02-10,north
pink morsel,1689.0,2020-02-10,south
pink morsel,1776.0,2020-02-10,east
pink morsel,1569.0,2020-02-10,west
pink morsel,1791.0,2020-02-11,north
pink morsel,1638.0,2020-02-11,south
pink morsel,1716.0,2020-02-11,east
pink morsel,1788.0,2020-02-11,west
pink morsel,1758.0,2020-02-12,north
pink morsel,1752.0,2020-02-12,south
pink morsel,1599.0,2020-02-12,east
pink morsel,1533.0,2020-02-12,west
pink morsel,1548.0,2020-02-13,north
pink morsel,1800.0,2020-02-13,south
pink morsel,1659.0,2020-02-13,east
pink morsel,1617.0,2020-02-13,west
pink morsel,1746.0,2020-02-14,north
pink morsel,1644.0,2020-02-14,south
pink morsel,1698.0,2020-02-14,east
pink morsel,1533.0,2020-02-14,west
pink morsel,1704.0,2020-02-15,north
pink morsel,1524.0,2020-02-15,south
pink morsel,1545.0,2020-02-15,east
pink morsel,1731.0,2020-02-15,west
pink morsel,1665.0,2020-02-16,north
pink morsel,1791.0,2020-02-16,south
pink morsel,1605.0,2020-02-16,east
pink morsel,1743.0,2020-02-16,west
pink morsel,1677.0,2020-02-17,north
pink morsel,1590.0,2020-02-17,south
pink morsel,1722.0,2020-02-17,east
pink morsel,1743.0,2020-02-17,west
pink morsel,1668.0,2020-02-18,north
pink morsel,1620.0,2020-02-18,south
pink morsel,1704.0,2020-02-18,east
pink morsel,1683.0,2020-02-18,west
pink morsel,1551.0,2020-02-19,north
pink morsel,1650.0,2020-02-19,south
pink morsel,1689.0,2020-02-19,east
pink morsel,1638.0,2020-02-19,west
pink morsel,1518.0,2020-02-20,north
pink morsel,1593.0,2020-02-20,south
pink morsel,1632.0,2020-02-20,east
pink morsel,1602.0,2020-02-20,west
pink morsel,1761.0,2020-02-21,north
pink morsel,1755.0,2020-02-21,south
pink morsel,1581.0,2020-02-21,east
pink morsel,1794.0,2020-02-21,west
pink morsel,1545.0,2020-02-22,north
pink morsel,1689.0,2020-02-22,south
pink morsel,1632.0,2020-02-22,east
pink morsel,1668.0,2020-02-22,west
pink morsel,1638.0,2020-02-23,north
pink morsel,1602.0,2020-02-23,south
pink morsel,1686.0,2020-02-23,east
pink morsel,1776.0,2020-02-23,west
pink morsel,1593.0,2020-02-24,north
pink morsel,1734.0,2020-02-24,south
pink morsel,1608.0,2020-02-24,east
pink morsel,1617.0,2020-02-24,west
pink morsel,1656.0,2020-02-25,north
pink morsel,1722.0,2020-02-25,south
pink morsel,1566.0,2020-02-25,east
pink morsel,1548.0,2020-02-25,west
pink morsel,1545.0,2020-02-26,north
pink morsel,1521.0,2020-02-26,south
pink morsel,1728.0,2020-02-26,east
pink morsel,1668.0,2020-02-26,west
pink morsel,1698.0,2020-02-27,north
pink morsel,1599.0,2020-02-27,south
pink morsel,1581.0,2020-02-27,east
pink morsel,1527.0,2020-02-27,west
pink morsel,1509.0,2020-02-28,north
pink morsel,1686.0,2020-02-28,south
pink morsel,1590.0,2020-02-28,east
pink morsel,1689.0,2020-02-28,west
pink morsel,1671.0,2020-02-29,north
pink morsel,1728.0,2020-02-29,south
pink morsel,1524.0,2020-02-29,east
pink morsel,1656.0,2020-02-29,west
pink morsel,1593.0,2020-03-01,north
pink morsel,1626.0,2020-03-01,south
pink morsel,1626.0,2020-03-01,east
pink morsel,1692.0,2020-03-01,west
pink morsel,1509.0,2020-03-02,north
pink morsel,1788.0,2020-03-02,south
pink morsel,1572.0,2020-03-02,east
pink morsel,1569.0,2020-03-02,west
pink morsel,1632.0,2020-03-03,north
pink morsel,1548.0,2020-03-03,south
pink morsel,1623.0,2020-03-03,east
pink morsel,1506.0,2020-03-03,west
pink morsel,1773.0,2020-03-04,north
pink morsel,1677.0,2020-03-04,south
pink morsel,1638.0,2020-03-04,east
pink morsel,1569.0,2020-03-04,west
pink morsel,1794.0,2020-03-05,north
pink morsel,1764.0,2020-03-05,south
pink morsel,1530.0,2020-03-05,east
pink morsel,1770.0,2020-03-05,west
pink morsel,1623.0,2020-03-06,north
pink morsel,1734.0,2020-03-06,south
pink morsel,1698.0,2020-03-06,east
pink morsel,1503.0,2020-03-06,west
pink morsel,1641.0,2020-03-07,north
pink morsel,1581.0,2020-03-07,south
pink morsel,1797.0,2020-03-07,east
pink morsel,1674.0,2020-03-07,west
pink morsel,1701.0,2020-03-08,north
pink morsel,1590.0,2020-03-08,south
pink morsel,1599.0,2020-03-08,east
pink morsel,1791.0,2020-03-08,west
pink morsel,1719.0,2020-03-09,north
pink morsel,1776.0,2020-03-09,south
pink morsel,1542.0,2020-03-09,east
pink morsel,1740.0,2020-03-09,west
pink morsel,1644.0,2020-03-10,north
pink morsel,1653.0,2020-03-10,south
pink morsel,1797.0,2020-03-10,east
pink morsel,1740.0,2020-03-10,west
pink morsel,1605.0,2020-03-11,north
pink morsel,1584.0,2020-03-11,south
pink morsel,1662.0,2020-03-11,east
pink morsel,1572.0,2020-03-11,west
pink morsel,1635.0,2020-03-12,north
pink morsel,1548.0,2020-03-12,south
pink morsel,1680.0,2020-03-12,east
pink morsel,1767.0,2020-03-12,west
pink morsel,1554.0,2020-03-13,north
pink morsel,1686.0,2020-03-13,south
pink morsel,1749.0,2020-03-13,east
pink morsel,1554.0,2020-03-13,west
pink morsel,1662.0,2020-03-14,north
pink morsel,1557.0,2020-03-14,south
pink morsel,1755.0,2020-03-14,east
pink morsel,1758.0,2020-03-14,west
pink morsel,1500.0,2020-03-15,north
pink morsel,1665.0,2020-03-15,south
pink morsel,1761.0,2020-03-15,east
pink morsel,1626.0,2020-03-15,west
pink morsel,1650.0,2020-03-16,north
pink morsel,1722.0,2020-03-16,south
pink morsel,1641.0,2020-03-16,east
pink morsel,1611.0,2020-03-16,west
pink morsel,1701.0,2020-03-17,north
pink morsel,1701.0,2020-03-17,south
pink morsel,1794.0,2020-03-17,east
pink morsel,1509.0,2020-03-17,west
pink morsel,1566.0,2020-03-18,north
pink morsel,1716.0,2020-03-18,south
pink morsel,1701.0,2020-03-18,east
pink morsel,1605.0,2020-03-18,west
pink morsel,1581.0,2020-03-19,north
pink morsel,1797.0,2020-03-19,south
pink morsel,1725.0,2020-03-19,east
pink morsel,1554.0,2020-03-19,west
pink morsel,1665.0,2020-03-20,north
pink morsel,1641.0,2020-03-20,south
pink morsel,1677.0,2020-03-20,east
pink morsel,1707.0,2020-03-20,west
pink morsel,1575.0,2020-03-21,north
pink morsel,1674.0,2020-03-21,south
pink morsel,1707.0,2020-03-21,east
pink morsel,1710.0,2020-03-21,west
pink morsel,1644.0,2020-03-22,north
pink morsel,1668.0,2020-03-22,south
pink morsel,1674.0,2020-03-22,east
pink morsel,1737.0,2020-03-22,west
pink morsel,1767.0,2020-03-23,north
pink morsel,1620.0,2020-03-23,south
pink morsel,1593.0,2020-03-23,east
pink morsel,1542.0,2020-03-23,west
pink morsel,1548.0,2020-03-24,north
pink morsel,1662.0,2020-03-24,south
pink morsel,1740.0,2020-03-24,east
pink morsel,1572.0,2020-03-24,west
pink morsel,1779.0,2020-03-25,north
pink morsel,1770.0,2020-03-25,south
pink morsel,1623.0,2020-03-25,east
pink morsel,1575.0,2020-03-25,west
pink morsel,1785.0,2020-03-26,north
pink morsel,1671.0,2020-03-26,south
pink morsel,1749.0,2020-03-26,east
pink morsel,1791.0,2020-03-26,west
pink morsel,1713.0,2020-03-27,north
pink morsel,1623.0,2020-03-27,south
pink morsel,1605.0,2020-03-27,east
pink morsel,1566.0,2020-03-27,west
pink morsel,1569.0,2020-03-28,north
pink morsel,1605.0,2020-03-28,south
pink morsel,1728.0,2020-03-28,east
pink morsel,1665.0,2020-03-28,west
pink morsel,1782.0,2020-03-29,north
pink morsel,1800.0,2020-03-29,south
pink morsel,1518.0,2020-03-29,east
pink morsel,1800.0,2020-03-29,west
pink morsel,1515.0,2020-03-30,north
pink morsel,1764.0,2020-03-30,south
pink morsel,1632.0,2020-03-30,east
pink morsel,1608.0,2020-03-30,west
pink morsel,1794.0,2020-03-31,north
pink morsel,1635.0,2020-03-31,south
pink morsel,1572.0,2020-03-31,east
pink morsel,1629.0,2020-03-31,west
pink morsel,1557.0,2020-04-01,north
pink morsel,1536.0,2020-04-01,south
pink morsel,1587.0,2020-04-01,east
pink morsel,1728.0,2020-04-01,west
pink morsel,1779.0,2020-04-02,north
pink morsel,1773.0,2020-04-02,south
pink morsel,1794.0,2020-04-02,east
pink morsel,1503.0,2020-04-02,west
pink morsel,1767.0,2020-04-03,north
pink morsel,1743.0,2020-04-03,south
pink morsel,1560.0,2020-04-03,east
pink morsel,1746.0,2020-04-03,west
pink morsel,1731.0,2020-04-04,north
pink morsel,1692.0,2020-04-04,south
pink morsel,1722.0,2020-04-04,east
pink morsel,1563.0,2020-04-04,west
pink morsel,1797.0,2020-04-05,north
pink morsel,1755.0,2020-04-05,south
pink morsel,1611.0,2020-04-05,east
pink morsel,1635.0,2020-04-05,west
pink morsel,1752.0,2020-04-06,north
pink morsel,1749.0,2020-04-06,south
pink morsel,1782.0,2020-04-06,east
pink morsel,1521.0,2020-04-06,west
pink morsel,1752.0,2020-04-07,north
pink morsel,1686.0,2020-04-07,south
pink morsel,1500.0,2020-04-07,east
pink morsel,1785.0,2020-04-07,west
pink morsel,1611.0,2020-04-08,north
pink morsel,1794.0,2020-04-08,south
pink morsel,1734.0,2020-04-08,east
pink morsel,1659.0,2020-04-08,west
pink morsel,1650.0,2020-04-09,north
pink morsel,1587.0,2020-04-09,south
pink morsel,1629.0,2020-04-09,east
pink morsel,1506.0,2020-04-09,west
pink morsel,1794.0,2020-04-10,north
pink morsel,1551.0,2020-04-10,south
pink morsel,1503.0,2020-04-10,east
pink morsel,1776.0,2020-04-10,west
pink morsel,1659.0,2020-04-11,north
pink morsel,1590.0,2020-04-11,south
pink morsel,1515.0,2020-04-11,east
pink morsel,1506.0,2020-04-11,west
pink morsel,1722.0,2020-04-12,north
pink morsel,1512.0,2020-04-12,south
pink morsel,1773.0,2020-04-12,east
pink morsel,1635.0,2020-04-12,west
pink morsel,1548.0,2020-04-13,north
pink morsel,1692.0,2020-04-13,south
pink morsel,1698.0,2020-04-13,east
pink morsel,1755.0,2020-04-13,west
pink morsel,1521.0,2020-04-14,north
pink morsel,1593.0,2020-04-14,south
pink morsel,1644.0,2020-04-14,east
pink morsel,1587.0,2020-04-14,west
pink morsel,1800.0,2020-04-15,north
pink morsel,1788.0,2020-04-15,south
pink morsel,1764.0,2020-04-15,east
pink morsel,1650.0,2020-04-15,west
pink morsel,1704.0,2020-04-16,north
pink morsel,1659.0,2020-04-16,south
pink morsel,1644.0,2020-04-16,east
pink morsel,1500.0,2020-04-16,west
pink morsel,1734.0,2020-04-17,north
pink morsel,1617.0,2020-04-17,south
pink morsel,1584.0,2020-04-17,east
pink morsel,1569.0,2020-04-17,west
pink morsel,1623.0,2020-04-18,north
pink morsel,1500.0,2020-04-18,south
pink morsel,1578.0,2020-04-18,east
pink morsel,1590.0,2020-04-18,west
pink morsel,1761.0,2020-04-19,north
pink morsel,1728.0,2020-04-19,south
pink morsel,1716.0,2020-04-19,east
pink morsel,1704.0,2020-04-19,west
pink morsel,1665.0,2020-04-20,north
pink morsel,1515.0,2020-04-20,south
pink morsel,1725.0,2020-04-20,east
pink morsel,1695.0,2020-04-20,west
pink morsel,1755.0,2020-04-21,north
pink morsel,1521.0,2020-04-21,south
pink morsel,1629.0,2020-04-21,east
pink morsel,1686.0,2020-04-21,west
pink morsel,1614.0,2020-04-22,north
pink morsel,1614.0,2020-04-22,south
pink morsel,1569.0,2020-04-22,east
pink morsel,1527.0,2020-04-22,west
pink morsel,1764.0,2020-04-23,north
pink morsel,1524.0,2020-04-23,south
pink morsel,1611.0,2020-04-23,east
pink morsel,1785.0,2020-04-23,west
pink morsel,1716.0,2020-04-24,north
pink morsel,1692.0,2020-04-24,south
pink morsel,1506.0,2020-04-24,east
pink morsel,1533.0,2020-04-24,west
pink morsel,1638.0,2020-04-25,north
pink morsel,1638.0,2020-04-25,south
pink morsel,1755.0,2020-04-25,east
pink morsel,1545.0,2020-04-25,west
pink morsel,1512.0,2020-04-26,north
pink morsel,1593.0,2020-04-26,south
pink morsel,1674.0,2020-04-26,east
pink morsel,1719.0,2020-04-26,west
pink morsel,1530.0,2020-04-27,north
pink morsel,1593.0,2020-04-27,south
pink morsel,1641.0,2020-04-27,east
pink morsel,1575.0,2020-04-27,west
pink morsel,1788.0,2020-04-28,north
pink morsel,1749.0,2020-04-28,south
pink morsel,1581.0,2020-04-28,east
pink morsel,1524.0,2020-04-28,west
pink morsel,1680.0,2020-04-29,north
pink morsel,1674.0,2020-04-29,south
pink morsel,1773.0,2020-04-29,east
pink morsel,1674.0,2020-04-29,west
pink morsel,1779.0,2020-04-30,north
pink morsel,1569.0,2020-04-30,south
pink morsel,1590.0,2020-04-30,east
pink morsel,1689.0,2020-04-30,west
pink morsel,1755.0,2020-05-01,north
pink morsel,1752.0,2020-05-01,south
pink morsel,1641.0,2020-05-01,east
pink morsel,1605.0,2020-05-01,west
pink morsel,1587.0,2020-05-02,north
pink morsel,1521.0,2020-05-02,south
pink morsel,1605.0,2020-05-02,east
pink morsel,1557.0,2020-05-02,west
pink morsel,1680.0,2020-05-03,north
pink morsel,1566.0,2020-05-03,south
pink morsel,1719.0,2020-05-03,east
pink morsel,1563.0,2020-05-03,west
pink morsel,1569.0,2020-05-04,north
pink morsel,1608.0,2020-05-04,south
pink morsel,1578.0,2020-05-04,east
pink morsel,1641.0,2020-05-04,west
pink morsel,1587.0,2020-05-05,north
pink morsel,1674.0,2020-05-05,south
pink morsel,1500.0,2020-05-05,east
pink morsel,1686.0,2020-05-05,west
pink morsel,1521.0,2020-05-06,north
pink morsel,1683.0,2020-05-06,south
pink morsel,1767.0,2020-05-06,east
pink morsel,1776.0,2020-05-06,west
pink morsel,1557.0,2020-05-07,north
pink morsel,1623.0,2020-05-07,south
pink morsel,1557.0,2020-05-07,east
pink morsel,1746.0,2020-05-07,west
pink morsel,1680.0,2020-05-08,north
pink morsel,1587.0,2020-05-08,south
pink morsel,1695.0,2020-05-08,east
pink morsel,1629.0,2020-05-08,west
pink morsel,1674.0,2020-05-09,north
pink morsel,1620.0,2020-05-09,south
pink morsel,1560.0,2020-05-09,east
pink morsel,1590.0,2020-05-09,west
pink morsel,1623.0,2020-05-10,north
pink morsel,1689.0,2020-05-10,south
pink morsel,1656.0,2020-05-10,east
pink morsel,1695.0,2020-05-10,west
pink morsel,1674.0,2020-05-11,north
pink morsel,1554.0,2020-05-11,south
pink morsel,1680.0,2020-05-11,east
pink morsel,1575.0,2020-05-11,west
pink morsel,1500.0,2020-05-12,north
pink morsel,1791.0,2020-05-12,south
pink morsel,1614.0,2020-05-12,east
pink morsel,1695.0,2020-05-12,west
pink morsel,1767.0,2020-05-13,north
pink morsel,1725.0,2020-05-13,south
pink morsel,1701.0,2020-05-13,east
pink morsel,1629.0,2020-05-13,west
pink morsel,1656.0,2020-05-14,north
pink morsel,1713.0,2020-05-14,south
pink morsel,1737.0,2020-05-14,east
pink morsel,1671.0,2020-05-14,west
pink morsel,1533.0,2020-05-15,north
pink morsel,1644.0,2020-05-15,south
pink morsel,1560.0,2020-05-15,east
pink morsel,1740.0,2020-05-15,west
pink morsel,1767.0,2020-05-16,north
pink morsel,1791.0,2020-05-16,south
pink morsel,1509.0,2020-05-16,east
pink morsel,1614.0,2020-05-16,west
pink morsel,1566.0,2020-05-17,north
pink morsel,1758.0,2020-05-17,south
pink morsel,1668.0,2020-05-17,east
pink morsel,1707.0,2020-05-17,west
pink morsel,1638.0,2020-05-18,north
pink morsel,1596.0,2020-05-18,south
pink morsel,1767.0,2020-05-18,east
pink morsel,1683.0,2020-05-18,west
pink morsel,1641.0,2020-05-19,north
pink morsel,1713.0,2020-05-19,south
pink morsel,1515.0,2020-05-19,east
pink morsel,1602.0,2020-05-19,west
pink morsel,1575.0,2020-05-20,north
pink morsel,1791.0,2020-05-20,south
pink morsel,1545.0,2020-05-20,east
pink morsel,1686.0,2020-05-20,west
pink morsel,1587.0,2020-05-21,north
pink morsel,1791.0,2020-05-21,south
pink morsel,1653.0,2020-05-21,east
pink morsel,1671.0,2020-05-21,west
pink morsel,1542.0,2020-05-22,north
pink morsel,1686.0,2020-05-22,south
pink morsel,1569.0,2020-05-22,east
pink morsel,1518.0,2020-05-22,west
pink morsel,1620.0,2020-05-23,north
pink morsel,1536.0,2020-05-23,south
pink morsel,1713.0,2020-05-23,east
pink morsel,1788.0,2020-05-23,west
pink morsel,1773.0,2020-05-24,north
pink morsel,1785.0,2020-05-24,south
pink morsel,1509.0,2020-05-24,east
pink morsel,1713.0,2020-05-24,west
pink morsel,1536.0,2020-05-25,north
pink morsel,1704.0,2020-05-25,south
pink morsel,1563.0,2020-05-25,east
pink morsel,1539.0,2020-05-25,west
pink morsel,1545.0,2020-05-26,north
pink morsel,1530.0,2020-05-26,south
pink morsel,1758.0,2020-05-26,east
pink morsel,1656.0,2020-05-26,west
pink morsel,1563.0,2020-05-27,north
pink morsel,1758.0,2020-05-27,south
pink morsel,1656.0,2020-05-27,east
pink morsel,1707.0,2020-05-27,west
pink morsel,1581.0,2020-05-28,north
pink morsel,1569.0,2020-05-28,south
pink morsel,1533.0,2020-05-28,east
pink morsel,1566.0,2020-05-28,west
pink morsel,1722.0,2020-05-29,north
pink morsel,1602.0,2020-05-29,south
pink morsel,1698.0,2020-05-29,east
pink morsel,1566.0,2020-05-29,west
pink morsel,1599.0,2020-05-30,north
pink morsel,1788.0,2020-05-30,south
pink morsel,1743.0,2020-05-30,east
pink morsel,1647.0,2020-05-30,west
pink morsel,1566.0,2020-05-31,north
pink morsel,1608.0,2020-05-31,south
pink morsel,1791.0,2020-05-31,east
pink morsel,1764.0,2020-05-31,west
pink morsel,1752.0,2020-06-01,north
pink morsel,1608.0,2020-06-01,south
pink morsel,1554.0,2020-06-01,east
pink morsel,1710.0,2020-06-01,west
pink morsel,1677.0,2020-06-02,north
pink morsel,1794.0,2020-06-02,south
pink morsel,1800.0,2020-06-02,east
pink morsel,1767.0,2020-06-02,west
pink morsel,1782.0,2020-06-03,north
pink morsel,1584.0,2020-06-03,south
pink morsel,1545.0,2020-06-03,east
pink morsel,1617.0,2020-06-03,west
pink morsel,1644.0,2020-06-04,north
pink morsel,1527.0,2020-06-04,south
pink morsel,1707.0,2020-06-04,east
pink morsel,1773.0,2020-06-04,west
pink morsel,1587.0,2020-06-05,north
pink morsel,1632.0,2020-06-05,south
pink morsel,1569.0,2020-06-05,east
pink morsel,1566.0,2020-06-05,west
pink morsel,1683.0,2020-06-06,north
pink morsel,1689.0,2020-06-06,south
pink morsel,1704.0,2020-06-06,east
pink morsel,1749.0,2020-06-06,west
pink morsel,1620.0,2020-06-07,north
pink morsel,1650.0,2020-06-07,south
pink morsel,1743.0,2020-06-07,east
pink morsel,1674.0,2020-06-07,west
pink morsel,1527.0,2020-06-08,north
pink morsel,1638.0,2020-06-08,south
pink morsel,1584.0,2020-06-08,east
pink morsel,1695.0,2020-06-08,west
pink morsel,1503.0,2020-06-09,north
pink morsel,1569.0,2020-06-09,south
pink morsel,1572.0,2020-06-09,east
pink morsel,1593.0,2020-06-09,west
pink morsel,1761.0,2020-06-10,north
pink morsel,1512.0,2020-06-10,south
pink morsel,1617.0,2020-06-10,east
pink morsel,1593.0,2020-06-10,west
pink morsel,1590.0,2020-06-11,north
pink morsel,1611.0,2020-06-11,south
pink morsel,1719.0,2020-06-11,east
pink morsel,1719.0,2020-06-11,west
pink morsel,1512.0,2020-06-12,north
pink morsel,1776.0,2020-06-12,south
pink morsel,1575.0,2020-06-12,east
pink morsel,1746.0,2020-06-12,west
pink morsel,1581.0,2020-06-13,north
pink morsel,1689.0,2020-06-13,south
pink morsel,1776.0,2020-06-13,east
pink morsel,1560.0,2020-06-13,west
pink morsel,1734.0,2020-06-14,north
pink morsel,1788.0,2020-06-14,south
pink morsel,1743.0,2020-06-14,east
pink morsel,1719.0,2020-06-14,west
pink morsel,1542.0,2020-06-15,north
pink morsel,1758.0,2020-06-15,south
pink morsel,1674.0,2020-06-15,east
pink morsel,1584.0,2020-06-15,west
pink morsel,1668.0,2020-06-16,north
pink morsel,1620.0,2020-06-16,south
pink morsel,1695.0,2020-06-16,east
pink morsel,1638.0,2020-06-16,west
pink morsel,1554.0,2020-06-17,north
pink morsel,1659.0,2020-06-17,south
pink morsel,1734.0,2020-06-17,east
pink morsel,1527.0,2020-06-17,west
pink morsel,1611.0,2020-06-18,north
pink morsel,1734.0,2020-06-18,south
pink morsel,1743.0,2020-06-18,east
pink morsel,1557.0,2020-06-18,west
pink morsel,1800.0,2020-06-19,north
pink morsel,1536.0,2020-06-19,south
pink morsel,1578.0,2020-06-19,east
pink morsel,1515.0,2020-06-19,west
pink morsel,1647.0,2020-06-20,north
pink morsel,1641.0,2020-06-20,south
pink morsel,1614.0,2020-06-20,east
pink morsel,1518.0,2020-06-20,west
pink morsel,1755.0,2020-06-21,north
pink morsel,1620.0,2020-06-21,south
pink morsel,1725.0,2020-06-21,east
pink morsel,1668.0,2020-06-21,west
pink morsel,1761.0,2020-06-22,north
pink morsel,1542.0,2020-06-22,south
pink morsel,1539.0,2020-06-22,east
pink morsel,1524.0,2020-06-22,west
pink morsel,1767.0,2020-06-23,north
pink morsel,1581.0,2020-06-23,south
pink morsel,1770.0,2020-06-23,east
pink morsel,1758.0,2020-06-23,west
pink morsel,1617.0,2020-06-24,north
pink morsel,1518.0,2020-06-24,south
pink morsel,1791.0,2020-06-24,east
pink morsel,1695.0,2020-06-24,west
pink morsel,1503.0,2020-06-25,north
pink morsel,1794.0,2020-06-25,south
pink morsel,1638.0,2020-06-25,east
pink morsel,1536.0,2020-06-25,west
pink morsel,1707.0,2020-06-26,north
pink morsel,1578.0,2020-06-26,south
pink morsel,1719.0,2020-06-26,east
pink morsel,1728.0,2020-06-26,west
pink morsel,1644.0,2020-06-27,north
pink morsel,1527.0,2020-06-27,south
pink morsel,1578.0,2020-06-27,east
pink morsel,1623.0,2020-06-27,west
pink morsel,1608.0,2020-06-28,north
pink morsel,1779.0,2020-06-28,south
pink morsel,1689.0,2020-06-28,east
pink morsel,1629.0,2020-06-28,west
pink morsel,1722.0,2020-06-29,north
pink morsel,1662.0,2020-06-29,south
pink morsel,1662.0,2020-06-29,east
pink morsel,1503.0,2020-06-29,west
pink morsel,1794.0,2020-06-30,north
pink morsel,1572.0,2020-06-30,south
pink morsel,1668.0,2020-06-30,east
pink morsel,1647.0,2020-06-30,west
pink morsel,1632.0,2020-07-01,north
pink morsel,1578.0,2020-07-01,south
pink morsel,1650.0,2020-07-01,east
pink morsel,1797.0,2020-07-01,west
pink morsel,1734.0,2020-07-02,north
pink morsel,1734.0,2020-07-02,south
pink morsel,1581.0,2020-07-02,east
pink morsel,1665.0,2020-07-02,west
pink morsel,1695.0,2020-07-03,north
pink morsel,1701.0,2020-07-03,south
pink morsel,1584.0,2020-07-03,east
pink morsel,1518.0,2020-07-03,west
pink morsel,1737.0,2020-07-04,north
pink morsel,1656.0,2020-07-04,south
pink morsel,1695.0,2020-07-04,east
pink morsel,1563.0,2020-07-04,west
pink morsel,1788.0,2020-07-05,north
pink morsel,1746.0,2020-07-05,south
pink morsel,1647.0,2020-07-05,east
pink morsel,1527.0,2020-07-05,west
pink morsel,1548.0,2020-07-06,north
pink morsel,1572.0,2020-07-06,south
pink morsel,1569.0,2020-07-06,east
pink morsel,1527.0,2020-07-06,west
pink morsel,1500.0,2020-07-07,north
pink morsel,1791.0,2020-07-07,south
pink morsel,1656.0,2020-07-07,east
pink morsel,1743.0,2020-07-07,west
pink morsel,1563.0,2020-07-08,north
pink morsel,1722.0,2020-07-08,south
pink morsel,1758.0,2020-07-08,east
pink morsel,1524.0,2020-07-08,west
pink morsel,1788.0,2020-07-09,north
pink morsel,1713.0,2020-07-09,south
pink morsel,1596.0,2020-07-09,east
pink morsel,1716.0,2020-07-09,west
pink morsel,1587.0,2020-07-10,north
pink morsel,1509.0,2020-07-10,south
pink morsel,1698.0,2020-07-10,east
pink morsel,1515.0,2020-07-10,west
pink morsel,1500.0,2020-07-11,north
pink morsel,1689.0,2020-07-11,south
pink morsel,1554.0,2020-07-11,east
pink morsel,1509.0,2020-07-11,west
pink morsel,1746.0,2020-07-12,north
pink morsel,1572.0,2020-07-12,south
pink morsel,1773.0,2020-07-12,east
pink morsel,1596.0,2020-07-12,west
pink morsel,1680.0,2020-07-13,north
pink morsel,1764.0,2020-07-13,south
pink morsel,1782.0,2020-07-13,east
pink morsel,1728.0,2020-07-13,west
pink morsel,1557.0,2020-07-14,north
pink morsel,1515.0,2020-07-14,south
pink morsel,1695.0,2020-07-14,east
pink morsel,1500.0,2020-07-14,west
pink morsel,1542.0,2020-07-15,north
pink morsel,1740.0,2020-07-15,south
pink morsel,1647.0,2020-07-15,east
pink morsel,1596.0,2020-07-15,west
pink morsel,1515.0,2020-07-16,north
pink morsel,1731.0,2020-07-16,south
pink morsel,1605.0,2020-07-16,east
pink morsel,1791.0,2020-07-16,west
pink morsel,1794.0,2020-07-17,north
pink morsel,1677.0,2020-07-17,south
pink morsel,1641.0,2020-07-17,east
pink morsel,1773.0,2020-07-17,west
pink morsel,1623.0,2020-07-18,north
pink morsel,1707.0,2020-07-18,south
pink morsel,1749.0,2020-07-18,east
pink morsel,1797.0,2020-07-18,west
pink morsel,1614.0,2020-07-19,north
pink morsel,1653.0,2020-07-19,south
pink morsel,1674.0,2020-07-19,east
pink morsel,1779.0,2020-07-19,west
pink morsel,1797.0,2020-07-20,north
pink morsel,1560.0,2020-07-20,south
pink morsel,1638.0,2020-07-20,east
pink morsel,1716.0,2020-07-20,west
pink morsel,1572.0,2020-07-21,north
pink morsel,1767.0,2020-07-21,south
pink morsel,1689.0,2020-07-21,east
pink morsel,1734.0,2020-07-21,west
pink morsel,1668.0,2020-07-22,north
pink morsel,1728.0,2020-07-22,south
pink morsel,1668.0,2020-07-22,east
pink morsel,1584.0,2020-07-22,west
pink morsel,1692.0,2020-07-23,north
pink morsel,1710.0,2020-07-23,south
pink morsel,1758.0,2020-07-23,east
pink morsel,1545.0,2020-07-23,west
pink morsel,1530.0,2020-07-24,north
pink morsel,1530.0,2020-07-24,south
pink morsel,1575.0,2020-07-24,east
pink morsel,1776.0,2020-07-24,west
pink morsel,1794.0,2020-07-25,north
pink morsel,1647.0,2020-07-25,south
pink morsel,1611.0,2020-07-25,east
pink morsel,1704.0,2020-07-25,west
pink morsel,1569.0,2020-07-26,north
pink morsel,1659.0,2020-07-26,south
pink morsel,1575.0,2020-07-26,east
pink morsel,1788.0,2020-07-26,west
pink morsel,1602.0,2020-07-27,north
pink morsel,1620.0,2020-07-27,south
pink morsel,1530.0,2020-07-27,east
pink morsel,1608.0,2020-07-27,west
pink morsel,1800.0,2020-07-28,north
pink morsel,1506.0,2020-07-28,south
pink morsel,1608.0,2020-07-28,east
pink morsel,1581.0,2020-07-28,west
pink morsel,1533.0,2020-07-29,north
pink morsel,1686.0,2020-07-29,south
pink morsel,1773.0,2020-07-29,east
pink morsel,1644.0,2020-07-29,west
pink morsel,1722.0,2020-07-30,north
pink morsel,1584.0,2020-07-30,south
pink morsel,1596.0,2020-07-30,east
pink morsel,1512.0,2020-07-30,west
pink morsel,1527.0,2020-07-31,north
pink morsel,1530.0,2020-07-31,south
pink morsel,1533.0,2020-07-31,east
pink morsel,1530.0,2020-07-31,west
pink morsel,1788.0,2020-08-01,north
pink morsel,1596.0,2020-08-01,south
pink morsel,1680.0,2020-08-01,east
pink morsel,1671.0,2020-08-01,west
pink morsel,1656.0,2020-08-02,north
pink morsel,1716.0,2020-08-02,south
pink morsel,1623.0,2020-08-02,east
pink morsel,1596.0,2020-08-02,west
pink morsel,1665.0,2020-08-03,north
pink morsel,1650.0,2020-08-03,south
pink morsel,1503.0,2020-08-03,east
pink morsel,1665.0,2020-08-03,west
pink morsel,1539.0,2020-08-04,north
pink morsel,1659.0,2020-08-04,south
pink morsel,1602.0,2020-08-04,east
pink morsel,1719.0,2020-08-04,west
pink morsel,1749.0,2020-08-05,north
pink morsel,1548.0,2020-08-05,south
pink morsel,1653.0,2020-08-05,east
pink morsel,1662.0,2020-08-05,west
pink morsel,1770.0,2020-08-06,north
pink morsel,1710.0,2020-08-06,south
pink morsel,1509.0,2020-08-06,east
pink morsel,1545.0,2020-08-06,west
pink morsel,1740.0,2020-08-07,north
pink morsel,1524.0,2020-08-07,south
pink morsel,1641.0,2020-08-07,east
pink morsel,1710.0,2020-08-07,west
pink morsel,1728.0,2020-08-08,north
pink morsel,1695.0,2020-08-08,south
pink morsel,1716.0,2020-08-08,east
pink morsel,1785.0,2020-08-08,west
pink morsel,1617.0,2020-08-09,north
pink morsel,1752.0,2020-08-09,south
pink morsel,1734.0,2020-08-09,east
pink morsel,1521.0,2020-08-09,west
pink morsel,1545.0,2020-08-10,north
pink morsel,1722.0,2020-08-10,south
pink morsel,1647.0,2020-08-10,east
pink morsel,1530.0,2020-08-10,west
pink morsel,1632.0,2020-08-11,north
pink morsel,1620.0,2020-08-11,south
pink morsel,1551.0,2020-08-11,east
pink morsel,1557.0,2020-08-11,west
pink morsel,1737.0,2020-08-12,north
pink morsel,1749.0,2020-08-12,south
pink morsel,1704.0,2020-08-12,east
pink morsel,1671.0,2020-08-12,west
pink morsel,1500.0,2020-08-13,north
pink morsel,1500.0,2020-08-13,south
pink morsel,1701.0,2020-08-13,east
pink morsel,1785.0,2020-08-13,west
pink morsel,1542.0,2020-08-14,north
pink morsel,1791.0,2020-08-14,south
pink morsel,1716.0,2020-08-14,east
pink morsel,1665.0,2020-08-14,west
pink morsel,1740.0,2020-08-15,north
pink morsel,1632.0,2020-08-15,south
pink morsel,1560.0,2020-08-15,east
pink morsel,1689.0,2020-08-15,west
pink morsel,1749.0,2020-08-16,north
pink morsel,1605.0,2020-08-16,south
pink morsel,1629.0,2020-08-16,east
pink morsel,1728.0,2020-08-16,west
pink morsel,1554.0,2020-08-17,north
pink morsel,1629.0,2020-08-17,south
pink morsel,1698.0,2020-08-17,east
pink morsel,1635.0,2020-08-17,west
pink morsel,1761.0,2020-08-18,north
pink morsel,1566.0,2020-08-18,south
pink morsel,1692.0,2020-08-18,east
pink morsel,1563.0,2020-08-18,west
pink morsel,1662.0,2020-08-19,north
pink morsel,1635.0,2020-08-19,south
pink morsel,1674.0,2020-08-19,east
pink morsel,1602.0,2020-08-19,west
pink morsel,1686.0,2020-08-20,north
pink morsel,1506.0,2020-08-20,south
pink morsel,1515.0,2020-08-20,east
pink morsel,1779.0,2020-08-20,west
pink morsel,1557.0,2020-08-21,north
pink morsel,1551.0,2020-08-21,south
pink morsel,1521.0,2020-08-21,east
pink morsel,1710.0,2020-08-21,west
pink morsel,1563.0,2020-08-22,north
pink morsel,1683.0,2020-08-22,south
pink morsel,1791.0,2020-08-22,east
pink morsel,1773.0,2020-08-22,west
pink morsel,1716.0,2020-08-23,north
pink morsel,1731.0,2020-08-23,south
pink morsel,1593.0,2020-08-23,east
pink morsel,1788.0,2020-08-23,west
pink morsel,1785.0,2020-08-24,north
pink morsel,1647.0,2020-08-24,south
pink morsel,1755.0,2020-08-24,east
pink morsel,1665.0,2020-08-24,west
pink morsel,1545.0,2020-08-25,north
pink morsel,1755.0,2020-08-25,south
pink morsel,1605.0,2020-08-25,east
pink morsel,1548.0,2020-08-25,west
pink morsel,1533.0,2020-08-26,north
pink morsel,1752.0,2020-08-26,south
pink morsel,1758.0,2020-08-26,east
pink morsel,1767.0,2020-08-26,west
pink morsel,1761.0,2020-08-27,north
pink morsel,1671.0,2020-08-27,south
pink morsel,1551.0,2020-08-27,east
pink morsel,1686.0,2020-08-27,west
pink morsel,1788.0,2020-08-28,north
pink morsel,1551.0,2020-08-28,south
pink morsel,1554.0,2020-08-28,east
pink morsel,1623.0,2020-08-28,west
pink morsel,1698.0,2020-08-29,north
pink morsel,1659.0,2020-08-29,south
pink morsel,1593.0,2020-08-29,east
pink morsel,1674.0,2020-08-29,west
pink morsel,1800.0,2020-08-30,north
pink morsel,1554.0,2020-08-30,south
pink morsel,1713.0,2020-08-30,east
pink morsel,1611.0,2020-08-30,west
pink morsel,1797.0,2020-08-31,north
pink morsel,1581.0,2020-08-31,south
pink morsel,1623.0,2020-08-31,east
pink morsel,1515.0,2020-08-31,west
pink morsel,1797.0,2020-09-01,north
pink morsel,1704.0,2020-09-01,south
pink morsel,1539.0,2020-09-01,east
pink morsel,1617.0,2020-09-01,west
pink morsel,1737.0,2020-09-02,north
pink morsel,1635.0,2020-09-02,south
pink morsel,1671.0,2020-09-02,east
pink morsel,1632.0,2020-09-02,west
pink morsel,1575.0,2020-09-03,north
pink morsel,1713.0,2020-09-03,south
pink morsel,1581.0,2020-09-03,east
pink morsel,1719.0,2020-09-03,west
pink morsel,1533.0,2020-09-04,north
pink morsel,1539.0,2020-09-04,south
pink morsel,1569.0,2020-09-04,east
pink morsel,1743.0,2020-09-04,west
pink morsel,1620.0,2020-09-05,north
pink morsel,1743.0,2020-09-05,south
pink morsel,1563.0,2020-09-05,east
pink morsel,1764.0,2020-09-05,west
pink morsel,1638.0,2020-09-06,north
pink morsel,1734.0,2020-09-06,south
pink morsel,1794.0,2020-09-06,east
pink morsel,1782.0,2020-09-06,west
pink morsel,1509.0,2020-09-07,north
pink morsel,1749.0,2020-09-07,south
pink morsel,1608.0,2020-09-07,east
pink morsel,1794.0,2020-09-07,west
pink morsel,1710.0,2020-09-08,north
pink morsel,1536.0,2020-09-08,south
pink morsel,1539.0,2020-09-08,east
pink morsel,1512.0,2020-09-08,west
pink morsel,1578.0,2020-09-09,north
pink morsel,1575.0,2020-09-09,south
pink morsel,1551.0,2020-09-09,east
pink morsel,1650.0,2020-09-09,west
pink morsel,1662.0,2020-09-10,north
pink morsel,1767.0,2020-09-10,south
pink morsel,1596.0,2020-09-10,east
pink morsel,1710.0,2020-09-10,west
pink morsel,1764.0,2020-09-11,north
pink morsel,1722.0,2020-09-11,south
pink morsel,1611.0,2020-09-11,east
pink morsel,1656.0,2020-09-11,west
pink morsel,1602.0,2020-09-12,north
pink morsel,1686.0,2020-09-12,south
pink morsel,1599.0,2020-09-12,east
pink morsel,1800.0,2020-09-12,west
pink morsel,1503.0,2020-09-13,north
pink morsel,1554.0,2020-09-13,south
pink morsel,1554.0,2020-09-13,east
pink morsel,1575.0,2020-09-13,west
pink morsel,1647.0,2020-09-14,north
pink morsel,1776.0,2020-09-14,south
pink morsel,1788.0,2020-09-14,east
pink morsel,1791.0,2020-09-14,west
pink morsel,1542.0,2020-09-15,north
pink morsel,1782.0,2020-09-15,south
pink morsel,1620.0,2020-09-15,east
pink morsel,1641.0,2020-09-15,west
pink morsel,1590.0,2020-09-16,north
pink morsel,1734.0,2020-09-16,south
pink morsel,1710.0,2020-09-16,east
pink morsel,1641.0,2020-09-16,west
pink morsel,1611.0,2020-09-17,north
pink morsel,1581.0,2020-09-17,south
pink morsel,1596.0,2020-09-17,east
pink morsel,1539.0,2020-09-17,west
pink morsel,1764.0,2020-09-18,north
pink morsel,1584.0,2020-09-18,south
pink morsel,1701.0,2020-09-18,east
pink morsel,1518.0,2020-09-18,west
pink morsel,1692.0,2020-09-19,north
pink morsel,1743.0,2020-09-19,south
pink morsel,1737.0,2020-09-19,east
pink morsel,1590.0,2020-09-19,west
pink morsel,1623.0,2020-09-20,north
pink morsel,1521.0,2020-09-20,south
pink morsel,1590.0,2020-09-20,east
pink morsel,1677.0,2020-09-20,west
pink morsel,1776.0,2020-09-21,north
pink morsel,1629.0,2020-09-21,south
pink morsel,1776.0,2020-09-21,east
pink morsel,1728.0,2020-09-21,west
pink morsel,1776.0,2020-09-22,north
pink morsel,1629.0,2020-09-22,south
pink morsel,1539.0,2020-09-22,east
pink morsel,1563.0,2020-09-22,west
pink morsel,1506.0,2020-09-23,north
pink morsel,1698.0,2020-09-23,south
pink morsel,1734.0,2020-09-23,east
pink morsel,1557.0,2020-09-23,west
pink morsel,1527.0,2020-09-24,north
pink morsel,1761.0,2020-09-24,south
pink morsel,1560.0,2020-09-24,east
pink morsel,1650.0,2020-09-24,west
pink morsel,1533.0,2020-09-25,north
pink morsel,1602.0,2020-09-25,south
pink morsel,1743.0,2020-09-25,east
pink morsel,1617.0,2020-09-25,west
pink morsel,1536.0,2020-09-26,north
pink morsel,1773.0,2020-09-26,south
pink morsel,1521.0,2020-09-26,east
pink morsel,1542.0,2020-09-26,west
pink morsel,1737.0,2020-09-27,north
pink morsel,1509.0,2020-09-27,south
pink morsel,1626.0,2020-09-27,east
pink morsel,1584.0,2020-09-27,west
pink morsel,1671.0,2020-09-28,north
pink morsel,1680.0,2020-09-28,south
pink morsel,1599.0,2020-09-28,east
pink morsel,1776.0,2020-09-28,west
pink morsel,1674.0,2020-09-29,north
pink morsel,1728.0,2020-09-29,south
pink morsel,1551.0,2020-09-29,east
pink morsel,1641.0,2020-09-29,west
pink morsel,1614.0,2020-09-30,north
pink morsel,1773.0,2020-09-30,south
pink morsel,1509.0,2020-09-30,east
pink morsel,1740.0,2020-09-30,west
pink morsel,1614.0,2020-10-01,north
pink morsel,1599.0,2020-10-01,south
pink morsel,1785.0,2020-10-01,east
pink morsel,1506.0,2020-10-01,west
pink morsel,1689.0,2020-10-02,north
pink morsel,1659.0,2020-10-02,south
pink morsel,1785.0,2020-10-02,east
pink morsel,1701.0,2020-10-02,west
pink morsel,1515.0,2020-10-03,north
pink morsel,1545.0,2020-10-03,south
pink morsel,1599.0,2020-10-03,east
pink morsel,1512.0,2020-10-03,west
pink morsel,1524.0,2020-10-04,north
pink morsel,1779.0,2020-10-04,south
pink morsel,1500.0,2020-10-04,east
pink morsel,1755.0,2020-10-04,west
pink morsel,1773.0,2020-10-05,north
pink morsel,1743.0,2020-10-05,south
pink morsel,1662.0,2020-10-05,east
pink morsel,1596.0,2020-10-05,west
pink morsel,1788.0,2020-10-06,north
pink morsel,1503.0,2020-10-06,south
pink morsel,1779.0,2020-10-06,east
pink morsel,1563.0,2020-10-06,west
pink morsel,1554.0,2020-10-07,north
pink morsel,1734.0,2020-10-07,south
pink morsel,1629.0,2020-10-07,east
pink morsel,1608.0,2020-10-07,west
pink morsel,1794.0,2020-10-08,north
pink morsel,1674.0,2020-10-08,south
pink morsel,1662.0,2020-10-08,east
pink morsel,1788.0,2020-10-08,west
pink morsel,1536.0,2020-10-09,north
pink morsel,1521.0,2020-10-09,south
pink morsel,1656.0,2020-10-09,east
pink morsel,1551.0,2020-10-09,west
pink morsel,1593.0,2020-10-10,north
pink morsel,1590.0,2020-10-10,south
pink morsel,1671.0,2020-10-10,east
pink morsel,1707.0,2020-10-10,west
pink morsel,1569.0,2020-10-11,north
pink morsel,1773.0,2020-10-11,south
pink morsel,1674.0,2020-10-11,east
pink morsel,1536.0,2020-10-11,west
pink morsel,1677.0,2020-10-12,north
pink morsel,1605.0,2020-10-12,south
pink morsel,1653.0,2020-10-12,east
pink morsel,1749.0,2020-10-12,west
pink morsel,1578.0,2020-10-13,north
pink morsel,1638.0,2020-10-13,south
pink morsel,1515.0,2020-10-13,east
pink morsel,1683.0,2020-10-13,west
pink morsel,1680.0,2020-10-14,north
pink morsel,1755.0,2020-10-14,south
pink morsel,1584.0,2020-10-14,east
pink morsel,1590.0,2020-10-14,west
pink morsel,1518.0,2020-10-15,north
pink morsel,1701.0,2020-10-15,south
pink morsel,1716.0,2020-10-15,east
pink morsel,1563.0,2020-10-15,west
pink morsel,1638.0,2020-10-16,north
pink morsel,1689.0,2020-10-16,south
pink morsel,1515.0,2020-10-16,east
pink morsel,1632.0,2020-10-16,west
pink morsel,1509.0,2020-10-17,north
pink morsel,1791.0,2020-10-17,south
pink morsel,1509.0,2020-10-17,east
pink morsel,1776.0,2020-10-17,west
pink morsel,1524.0,2020-10-18,north
pink morsel,1716.0,2020-10-18,south
pink morsel,1578.0,2020-10-18,east
pink morsel,1713.0,2020-10-18,west
pink morsel,1656.0,2020-10-19,north
pink morsel,1725.0,2020-10-19,south
pink morsel,1554.0,2020-10-19,east
pink morsel,1524.0,2020-10-19,west
pink morsel,1569.0,2020-10-20,north
pink morsel,1758.0,2020-10-20,south
pink morsel,1758.0,2020-10-20,east
pink morsel,1614.0,2020-10-20,west
pink morsel,1740.0,2020-10-21,north
pink morsel,1521.0,2020-10-21,south
pink morsel,1722.0,2020-10-21,east
pink morsel,1605.0,2020-10-21,west
pink morsel,1749.0,2020-10-22,north
pink morsel,1638.0,2020-10-22,south
pink morsel,1710.0,2020-10-22,east
pink morsel,1668.0,2020-10-22,west
pink morsel,1635.0,2020-10-23,north
pink morsel,1533.0,2020-10-23,south
pink morsel,1635.0,2020-10-23,east
pink morsel,1575.0,2020-10-23,west
pink morsel,1737.0,2020-10-24,north
pink morsel,1593.0,2020-10-24,south
pink morsel,1707.0,2020-10-24,east
pink morsel,1536.0,2020-10-24,west
pink morsel,1689.0,2020-10-25,north
pink morsel,1680.0,2020-10-25,south
pink morsel,1605.0,2020-10-25,east
pink morsel,1617.0,2020-10-25,west
pink morsel,1746.0,2020-10-26,north
pink morsel,1518.0,2020-10-26,south
pink morsel,1656.0,2020-10-26,east
pink morsel,1542.0,2020-10-26,west
pink morsel,1581.0,2020-10-27,north
pink morsel,1716.0,2020-10-27,south
pink morsel,1683.0,2020-10-27,east
pink morsel,1518.0,2020-10-27,west
pink morsel,1746.0,2020-10-28,north
pink morsel,1587.0,2020-10-28,south
pink morsel,1644.0,2020-10-28,east
pink morsel,1731.0,2020-10-28,west
pink morsel,1770.0,2020-10-29,north
pink morsel,1692.0,2020-10-29,south
pink morsel,1557.0,2020-10-29,east
pink morsel,1524.0,2020-10-29,west
pink morsel,1773.0,2020-10-30,north
pink morsel,1689.0,2020-10-30,south
pink morsel,1776.0,2020-10-30,east
pink morsel,1686.0,2020-10-30,west
pink morsel,1581.0,2020-10-31,north
pink morsel,1758.0,2020-10-31,south
pink morsel,1755.0,2020-10-31,east
pink morsel,1668.0,2020-10-31,west
pink morsel,1665.0,2020-11-01,north
pink morsel,1551.0,2020-11-01,south
pink morsel,1770.0,2020-11-01,east
pink morsel,1593.0,2020-11-01,west
pink morsel,1734.0,2020-11-02,north
pink morsel,1500.0,2020-11-02,south
pink morsel,1740.0,2020-11-02,east
pink morsel,1686.0,2020-11-02,west
pink morsel,1551.0,2020-11-03,north
pink morsel,1752.0,2020-11-03,south
pink morsel,1746.0,2020-11-03,east
pink morsel,1581.0,2020-11-03,west
pink morsel,1773.0,2020-11-04,north
pink morsel,1788.0,2020-11-04,south
pink morsel,1545.0,2020-11-04,east
pink morsel,1506.0,2020-11-04,west
pink morsel,1644.0,2020-11-05,north
pink morsel,1605.0,2020-11-05,south
pink morsel,1686.0,2020-11-05,east
pink morsel,1539.0,2020-11-05,west
pink morsel,1725.0,2020-11-06,north
pink morsel,1599.0,2020-11-06,south
pink morsel,1659.0,2020-11-06,east
pink morsel,1575.0,2020-11-06,west
pink morsel,1653.0,2020-11-07,north
pink morsel,1641.0,2020-11-07,south
pink morsel,1587.0,2020-11-07,east
pink morsel,1758.0,2020-11-07,west
pink morsel,1785.0,2020-11-08,north
pink morsel,1695.0,2020-11-08,south
pink morsel,1581.0,2020-11-08,east
pink morsel,1734.0,2020-11-08,west
pink morsel,1788.0,2020-11-09,north
pink morsel,1593.0,2020-11-09,south
pink morsel,1593.0,2020-11-09,east
pink morsel,1512.0,2020-11-09,west
pink morsel,1638.0,2020-11-10,north
pink morsel,1734.0,2020-11-10,south
pink morsel,1695.0,2020-11-10,east
pink morsel,1638.0,2020-11-10,west
pink morsel,1695.0,2020-11-11,north
pink morsel,1533.0,2020-11-11,south
pink morsel,1731.0,2020-11-11,east
pink morsel,1689.0,2020-11-11,west
pink morsel,1713.0,2020-11-12,north
pink morsel,1596.0,2020-11-12,south
pink morsel,1686.0,2020-11-12,east
pink morsel,1515.0,2020-11-12,west
pink morsel,1581.0,2020-11-13,north
pink morsel,1521.0,2020-11-13,south
pink morsel,1677.0,2020-11-13,east
pink morsel,1635.0,2020-11-13,west
pink morsel,1749.0,2020-11-14,north
pink morsel,1542.0,2020-11-14,south
pink morsel,1602.0,2020-11-14,east
pink morsel,1557.0,2020-11-14,west
pink morsel,1686.0,2020-11-15,north
pink morsel,1638.0,2020-11-15,south
pink morsel,1794.0,2020-11-15,east
pink morsel,1659.0,2020-11-15,west
pink morsel,1773.0,2020-11-16,north
pink morsel,1671.0,2020-11-16,south
pink morsel,1626.0,2020-11-16,east
pink morsel,1725.0,2020-11-16,west
pink morsel,1686.0,2020-11-17,north
pink morsel,1521.0,2020-11-17,south
pink morsel,1734.0,2020-11-17,east
pink morsel,1530.0,2020-11-17,west
pink morsel,1698.0,2020-11-18,north
pink morsel,1770.0,2020-11-18,south
pink morsel,1752.0,2020-11-18,east
pink morsel,1662.0,2020-11-18,west
pink morsel,1566.0,2020-11-19,north
pink morsel,1590.0,2020-11-19,south
pink morsel,1635.0,2020-11-19,east
pink morsel,1698.0,2020-11-19,west
pink morsel,1683.0,2020-11-20,north
pink morsel,1653.0,2020-11-20,south
pink morsel,1527.0,2020-11-20,east
pink morsel,1524.0,2020-11-20,west
pink morsel,1593.0,2020-11-21,north
pink morsel,1656.0,2020-11-21,south
pink morsel,1623.0,2020-11-21,east
pink morsel,1638.0,2020-11-21,west
pink morsel,1596.0,2020-11-22,north
pink morsel,1575.0,2020-11-22,south
pink morsel,1656.0,2020-11-22,east
pink morsel,1725.0,2020-11-22,west
pink morsel,1767.0,2020-11-23,north
pink morsel,1650.0,2020-11-23,south
pink morsel,1641.0,2020-11-23,east
pink morsel,1632.0,2020-11-23,west
pink morsel,1602.0,2020-11-24,north
pink morsel,1632.0,2020-11-24,south
pink morsel,1743.0,2020-11-24,east
pink morsel,1617.0,2020-11-24,west
pink morsel,1725.0,2020-11-25,north
pink morsel,1761.0,2020-11-25,south
pink morsel,1791.0,2020-11-25,east
pink morsel,1620.0,2020-11-25,west
pink morsel,1770.0,2020-11-26,north
pink morsel,1791.0,2020-11-26,south
pink morsel,1665.0,2020-11-26,east
pink morsel,1743.0,2020-11-26,west
pink morsel,1632.0,2020-11-27,north
pink morsel,1587.0,2020-11-27,south
pink morsel,1680.0,2020-11-27,east
pink morsel,1656.0,2020-11-27,west
pink morsel,1746.0,2020-11-28,north
pink morsel,1599.0,2020-11-28,south
pink morsel,1719.0,2020-11-28,east
pink morsel,1794.0,2020-11-28,west
pink morsel,1758.0,2020-11-29,north
pink morsel,1557.0,2020-11-29,south
pink morsel,1647.0,2020-11-29,east
pink morsel,1740.0,2020-11-29,west
pink morsel,1635.0,2020-11-30,north
pink morsel,1584.0,2020-11-30,south
pink morsel,1614.0,2020-11-30,east
pink morsel,1749.0,2020-11-30,west
pink morsel,1587.0,2020-12-01,north
pink morsel,1719.0,2020-12-01,south
pink morsel,1620.0,2020-12-01,east
pink morsel,1656.0,2020-12-01,west
pink morsel,1554.0,2020-12-02,north
pink morsel,1755.0,2020-12-02,south
pink morsel,1737.0,2020-12-02,east
pink morsel,1548.0,2020-12-02,west
pink morsel,1572.0,2020-12-03,north
pink morsel,1560.0,2020-12-03,south
pink morsel,1746.0,2020-12-03,east
pink morsel,1788.0,2020-12-03,west
pink morsel,1638.0,2020-12-04,north
pink morsel,1626.0,2020-12-04,south
pink morsel,1518.0,2020-12-04,east
pink morsel,1773.0,2020-12-04,west
pink morsel,1707.0,2020-12-05,north
pink morsel,1614.0,2020-12-05,south
pink morsel,1722.0,2020-12-05,east
pink morsel,1524.0,2020-12-05,west
pink morsel,1560.0,2020-12-06,north
pink morsel,1617.0,2020-12-06,south
pink morsel,1566.0,2020-12-06,east
pink morsel,1515.0,2020-12-06,west
pink morsel,1509.0,2020-12-07,north
pink morsel,1545.0,2020-12-07,south
pink morsel,1596.0,2020-12-07,east
pink morsel,1671.0,2020-12-07,west
pink morsel,1686.0,2020-12-08,north
pink morsel,1785.0,2020-12-08,south
pink morsel,1800.0,2020-12-08,east
pink morsel,1590.0,2020-12-08,west
pink morsel,1788.0,2020-12-09,north
pink morsel,1788.0,2020-12-09,south
pink morsel,1584.0,2020-12-09,east
pink morsel,1665.0,2020-12-09,west
pink morsel,1620.0,2020-12-10,north
pink morsel,1725.0,2020-12-10,south
pink morsel,1569.0,2020-12-10,east
pink morsel,1533.0,2020-12-10,west
pink morsel,1503.0,2020-12-11,north
pink morsel,1713.0,2020-12-11,south
pink morsel,1650.0,2020-12-11,east
pink morsel,1776.0,2020-12-11,west
pink morsel,1629.0,2020-12-12,north
pink morsel,1662.0,2020-12-12,south
pink morsel,1623.0,2020-12-12,east
pink morsel,1590.0,2020-12-12,west
pink morsel,1650.0,2020-12-13,north
pink morsel,1647.0,2020-12-13,south
pink morsel,1683.0,2020-12-13,east
pink morsel,1530.0,2020-12-13,west
pink morsel,1746.0,2020-12-14,north
pink morsel,1551.0,2020-12-14,south
pink morsel,1548.0,2020-12-14,east
pink morsel,1767.0,2020-12-14,west
pink morsel,1785.0,2020-12-15,north
pink morsel,1734.0,2020-12-15,south
pink morsel,1578.0,2020-12-15,east
pink morsel,1596.0,2020-12-15,west
pink morsel,1779.0,2020-12-16,north
pink morsel,1770.0,2020-12-16,south
pink morsel,1581.0,2020-12-16,east
pink morsel,1614.0,2020-12-16,west
pink morsel,1506.0,2020-12-17,north
pink morsel,1533.0,2020-12-17,south
pink morsel,1677.0,2020-12-17,east
pink morsel,1737.0,2020-12-17,west
pink morsel,1635.0,2020-12-18,north
pink morsel,1800.0,2020-12-18,south
pink morsel,1794.0,2020-12-18,east
pink morsel,1653.0,2020-12-18,west
pink morsel,1719.0,2020-12-19,north
pink morsel,1674.0,2020-12-19,south
pink morsel,1575.0,2020-12-19,east
pink morsel,1650.0,2020-12-19,west
pink morsel,1707.0,2020-12-20,north
pink morsel,1692.0,2020-12-20,south
pink morsel,1614.0,2020-12-20,east
pink morsel,1563.0,2020-12-20,west
pink morsel,1575.0,2020-12-21,north
pink morsel,1506.0,2020-12-21,south
pink morsel,1599.0,2020-12-21,east
pink morsel,1686.0,2020-12-21,west
pink morsel,1518.0,2020-12-22,north
pink morsel,1677.0,2020-12-22,south
pink morsel,1722.0,2020-12-22,east
pink morsel,1566.0,2020-12-22,west
pink morsel,1677.0,2020-12-23,north
pink morsel,1542.0,2020-12-23,south
pink morsel,1785.0,2020-12-23,east
pink morsel,1671.0,2020-12-23,west
pink morsel,1725.0,2020-12-24,north
pink morsel,1506.0,2020-12-24,south
pink morsel,1563.0,2020-12-24,east
pink morsel,1668.0,2020-12-24,west
pink morsel,1782.0,2020-12-25,north
pink morsel,1557.0,2020-12-25,south
pink morsel,1797.0,2020-12-25,east
pink morsel,1563.0,2020-12-25,west
pink morsel,1554.0,2020-12-26,north
pink morsel,1650.0,2020-12-26,south
pink morsel,1698.0,2020-12-26,east
pink morsel,1737.0,2020-12-26,west
pink morsel,1770.0,2020-12-27,north
pink morsel,1734.0,2020-12-27,south
pink morsel,1770.0,2020-12-27,east
pink morsel,1524.0,2020-12-27,west
pink morsel,1725.0,2020-12-28,north
pink morsel,1536.0,2020-12-28,south
pink morsel,1758.0,2020-12-28,east
pink morsel,1683.0,2020-12-28,west
pink morsel,1518.0,2020-12-29,north
pink morsel,1677.0,2020-12-29,south
pink morsel,1614.0,2020-12-29,east
pink morsel,1767.0,2020-12-29,west
pink morsel,1524.0,2020-12-30,north
pink morsel,1530.0,2020-12-30,south
pink morsel,1584.0,2020-12-30,east
pink morsel,1791.0,2020-12-30,west
pink morsel,1740.0,2020-12-31,north
pink morsel,1698.0,2020-12-31,south
pink morsel,1770.0,2020-12-31,east
pink morsel,1650.0,2020-12-31,west
pink morsel,1536.0,2021-01-01,north
pink morsel,1542.0,2021-01-01,south
pink morsel,1671.0,2021-01-01,east
pink morsel,1752.0,2021-01-01,west
pink morsel,1794.0,2021-01-02,north
pink morsel,1620.0,2021-01-02,south
pink morsel,1584.0,2021-01-02,east
pink morsel,1503.0,2021-01-02,west
pink morsel,1758.0,2021-01-03,north
pink morsel,1578.0,2021-01-03,south
pink morsel,1677.0,2021-01-03,east
pink morsel,1722.0,2021-01-03,west
pink morsel,1590.0,2021-01-04,north
pink morsel,1785.0,2021-01-04,south
pink morsel,1731.0,2021-01-04,east
pink morsel,1686.0,2021-01-04,west
pink morsel,1536.0,2021-01-05,north
pink morsel,1578.0,2021-01-05,south
pink morsel,1683.0,2021-01-05,east
pink morsel,1608.0,2021-01-05,west
pink morsel,1743.0,2021-01-06,north
pink morsel,1743.0,2021-01-06,south
pink morsel,1638.0,2021-01-06,east
pink morsel,1788.0,2021-01-06,west
pink morsel,1716.0,2021-01-07,north
pink morsel,1602.0,2021-01-07,south
pink morsel,1596.0,2021-01-07,east
pink morsel,1797.0,2021-01-07,west
pink morsel,1662.0,2021-01-08,north
pink morsel,1668.0,2021-01-08,south
pink morsel,1662.0,2021-01-08,east
pink morsel,1521.0,2021-01-08,west
pink morsel,1563.0,2021-01-09,north
pink morsel,1647.0,2021-01-09,south
pink morsel,1743.0,2021-01-09,east
pink morsel,1653.0,2021-01-09,west
pink morsel,1731.0,2021-01-10,north
pink morsel,1608.0,2021-01-10,south
pink morsel,1512.0,2021-01-10,east
pink morsel,1545.0,2021-01-10,west
pink morsel,1740.0,2021-01-11,north
pink morsel,1611.0,2021-01-11,south
pink morsel,1536.0,2021-01-11,east
pink morsel,1626.0,2021-01-11,west
pink morsel,1614.0,2021-01-12,north
pink morsel,1572.0,2021-01-12,south
pink morsel,1539.0,2021-01-12,east
pink morsel,1605.0,2021-01-12,west
pink morsel,1545.0,2021-01-13,north
pink morsel,1542.0,2021-01-13,south
pink morsel,1779.0,2021-01-13,east
pink morsel,1680.0,2021-01-13,west
pink morsel,1701.0,2021-01-14,north
pink morsel,1677.0,2021-01-14,south
pink morsel,1614.0,2021-01-14,east
pink morsel,1590.0,2021-01-14,west
pink morsel,2025.0,2021-01-15,north
pink morsel,2195.0,2021-01-15,south
pink morsel,2180.0,2021-01-15,east
pink morsel,2395.0,2021-01-15,west
pink morsel,2110.0,2021-01-16,north
pink morsel,2145.0,2021-01-16,south
pink morsel,2340.0,2021-01-16,east
pink morsel,2390.0,2021-01-16,west
pink morsel,2475.0,2021-01-17,north
pink morsel,2320.0,2021-01-17,south
pink morsel,2105.0,2021-01-17,east
pink morsel,2090.0,2021-01-17,west
pink morsel,2050.0,2021-01-18,north
pink morsel,2410.0,2021-01-18,south
pink morsel,2125.0,2021-01-18,east
pink morsel,2325.0,2021-01-18,west
pink morsel,2335.0,2021-01-19,north
pink morsel,2105.0,2021-01-19,south
pink morsel,2340.0,2021-01-19,east
pink morsel,2420.0,2021-01-19,west
pink morsel,2415.0,2021-01-20,north
pink morsel,2495.0,2021-01-20,south
pink morsel,2070.0,2021-01-20,east
pink morsel,2405.0,2021-01-20,west
pink morsel,2090.0,2021-01-21,north
pink morsel,2145.0,2021-01-21,south
pink morsel,2245.0,2021-01-21,east
pink morsel,2330.0,2021-01-21,west
pink morsel,2460.0,2021-01-22,north
pink morsel,2230.0,2021-01-22,south
pink morsel,2010.0,2021-01-22,east
pink morsel,2380.0,2021-01-22,west
pink morsel,2025.0,2021-01-23,north
pink morsel,2085.0,2021-01-23,south
pink morsel,2420.0,2021-01-23,east
pink morsel,2175.0,2021-01-23,west
pink morsel,2015.0,2021-01-24,north
pink morsel,2445.0,2021-01-24,south
pink morsel,2255.0,2021-01-24,east
pink morsel,2085.0,2021-01-24,west
pink morsel,2210.0,2021-01-25,north
pink morsel,2145.0,2021-01-25,south
pink morsel,2200.0,2021-01-25,east
pink morsel,2160.0,2021-01-25,west
pink morsel,2050.0,2021-01-26,north
pink morsel,2280.0,2021-01-26,south
pink morsel,2165.0,2021-01-26,east
pink morsel,2345.0,2021-01-26,west
pink morsel,2000.0,2021-01-27,north
pink morsel,2010.0,2021-01-27,south
pink morsel,2060.0,2021-01-27,east
pink morsel,2020.0,2021-01-27,west
pink morsel,2140.0,2021-01-28,north
pink morsel,2310.0,2021-01-28,south
pink morsel,2285.0,2021-01-28,east
pink morsel,2005.0,2021-01-28,west
pink morsel,2295.0,2021-01-29,north
pink morsel,2195.0,2021-01-29,south
pink morsel,2465.0,2021-01-29,east
pink morsel,2095.0,2021-01-29,west
pink morsel,2400.0,2021-01-30,north
pink morsel,2290.0,2021-01-30,south
pink morsel,2370.0,2021-01-30,east
pink morsel,2165.0,2021-01-30,west
pink morsel,2430.0,2021-01-31,north
pink morsel,2260.0,2021-01-31,south
pink morsel,2215.0,2021-01-31,east
pink morsel,2145.0,2021-01-31,west
pink morsel,2350.0,2021-02-01,north
pink morsel,2180.0,2021-02-01,south
pink morsel,2290.0,2021-02-01,east
pink morsel,2115.0,2021-02-01,west
pink morsel,2315.0,2021-02-02,north
pink morsel,2100.0,2021-02-02,south
pink morsel,2430.0,2021-02-02,east
pink morsel,2215.0,2021-02-02,west
pink morsel,2000.0,2021-02-03,north
pink morsel,2355.0,2021-02-03,south
pink morsel,2110.0,2021-02-03,east
pink morsel,2240.0,2021-02-03,west
pink morsel,2380.0,2021-02-04,north
pink morsel,2305.0,2021-02-04,south
pink morsel,2300.0,2021-02-04,east
pink morsel,2120.0,2021-02-04,west
pink morsel,2185.0,2021-02-05,north
pink morsel,2295.0,2021-02-05,south
pink morsel,2215.0,2021-02-05,east
pink morsel,2050.0,2021-02-05,west
pink morsel,2225.0,2021-02-06,north
pink morsel,2405.0,2021-02-06,south
pink morsel,2095.0,2021-02-06,east
pink morsel,2200.0,2021-02-06,west
pink morsel,2070.0,2021-02-07,north
pink morsel,2065.0,2021-02-07,south
pink morsel,2080.0,2021-02-07,east
pink morsel,2010.0,2021-02-07,west
pink morsel,2395.0,2021-02-08,north
pink morsel,2345.0,2021-02-08,south
pink morsel,2085.0,2021-02-08,east
pink morsel,2250.0,2021-02-08,west
pink morsel,2045.0,2021-02-09,north
pink morsel,2345.0,2021-02-09,south
pink morsel,2455.0,2021-02-09,east
pink morsel,2260.0,2021-02-09,west
pink morsel,2130.0,2021-02-10,north
pink morsel,2035.0,2021-02-10,south
pink morsel,2045.0,2021-02-10,east
pink morsel,2145.0,2021-02-10,west
pink morsel,2320.0,2021-02-11,north
pink morsel,2350.0,2021-02-11,south
pink morsel,2085.0,2021-02-11,east
pink morsel,2160.0,2021-02-11,west
pink morsel,2375.0,2021-02-12,north
pink morsel,2230.0,2021-02-12,south
pink morsel,2230.0,2021-02-12,east
pink morsel,2130.0,2021-02-12,west
pink morsel,2425.0,2021-02-13,north
pink morsel,2465.0,2021-02-13,south
pink morsel,2105.0,2021-02-13,east
pink morsel,2485.0,2021-02-13,west
pink morsel,2340.0,2021-02-14,north
pink morsel,2240.0,2021-02-14,south
pink morsel,2285.0,2021-02-14,east
pink morsel,2375.0,2021-02-14,west
pink morsel,2110.0,2021-02-15,north
pink morsel,2325.0,2021-02-15,south
pink morsel,2265.0,2021-02-15,east
pink morsel,2175.0,2021-02-15,west
pink morsel,2295.0,2021-02-16,north
pink morsel,2250.0,2021-02-16,south
pink morsel,2180.0,2021-02-16,east
pink morsel,2465.0,2021-02-16,west
pink morsel,2380.0,2021-02-17,north
pink morsel,2130.0,2021-02-17,south
pink morsel,2350.0,2021-02-17,east
pink morsel,2470.0,2021-02-17,west
pink morsel,2005.0,2021-02-18,north
pink morsel,2125.0,2021-02-18,south
pink morsel,2480.0,2021-02-18,east
pink morsel,2240.0,2021-02-18,west
pink morsel,2125.0,2021-02-19,north
pink morsel,2425.0,2021-02-19,south
pink morsel,2050.0,2021-02-19,east
pink morsel,2045.0,2021-02-19,west
pink morsel,2260.0,2021-02-20,north
pink morsel,2105.0,2021-02-20,south
pink morsel,2420.0,2021-02-20,east
pink morsel,2400.0,2021-02-20,west
pink morsel,2345.0,2021-02-21,north
pink morsel,2040.0,2021-02-21,south
pink morsel,2170.0,2021-02-21,east
pink morsel,2445.0,2021-02-21,west
pink morsel,2145.0,2021-02-22,north
pink morsel,2050.0,2021-02-22,south
pink morsel,2200.0,2021-02-22,east
pink morsel,2140.0,2021-02-22,west
pink morsel,2490.0,2021-02-23,north
pink morsel,2370.0,2021-02-23,south
pink morsel,2055.0,2021-02-23,east
pink morsel,2380.0,2021-02-23,west
pink morsel,2330.0,2021-02-24,north
pink morsel,2420.0,2021-02-24,south
pink morsel,2235.0,2021-02-24,east
pink morsel,2045.0,2021-02-24,west
pink morsel,2205.0,2021-02-25,north
pink morsel,2065.0,2021-02-25,south
pink morsel,2300.0,2021-02-25,east
pink morsel,2035.0,2021-02-25,west
pink morsel,2455.0,2021-02-26,north
pink morsel,2350.0,2021-02-26,south
pink morsel,2270.0,2021-02-26,east
pink morsel,2315.0,2021-02-26,west
pink morsel,2000.0,2021-02-27,north
pink morsel,2305.0,2021-02-27,south
pink morsel,2150.0,2021-02-27,east
pink morsel,2305.0,2021-02-27,west
pink morsel,2145.0,2021-02-28,north
pink morsel,2155.0,2021-02-28,south
pink morsel,2290.0,2021-02-28,east
pink morsel,2155.0,2021-02-28,west
pink morsel,2360.0,2021-03-01,north
pink morsel,2430.0,2021-03-01,south
pink morsel,2185.0,2021-03-01,east
pink morsel,2245.0,2021-03-01,west
pink morsel,2370.0,2021-03-02,north
pink morsel,2300.0,2021-03-02,south
pink morsel,2215.0,2021-03-02,east
pink morsel,2225.0,2021-03-02,west
pink morsel,2405.0,2021-03-03,north
pink morsel,2000.0,2021-03-03,south
pink morsel,2025.0,2021-03-03,east
pink morsel,2380.0,2021-03-03,west
pink morsel,2390.0,2021-03-04,north
pink morsel,2335.0,2021-03-04,south
pink morsel,2205.0,2021-03-04,east
pink morsel,2035.0,2021-03-04,west
pink morsel,2080.0,2021-03-05,north
pink morsel,2340.0,2021-03-05,south
pink morsel,2045.0,2021-03-05,east
pink morsel,2005.0,2021-03-05,west
pink morsel,2075.0,2021-03-06,north
pink morsel,2190.0,2021-03-06,south
pink morsel,2305.0,2021-03-06,east
pink morsel,2190.0,2021-03-06,west
pink morsel,2220.0,2021-03-07,north
pink morsel,2025.0,2021-03-07,south
pink morsel,2350.0,2021-03-07,east
pink morsel,2425.0,2021-03-07,west
pink morsel,2170.0,2021-03-08,north
pink morsel,2095.0,2021-03-08,south
pink morsel,2475.0,2021-03-08,east
pink morsel,2395.0,2021-03-08,west
pink morsel,2380.0,2021-03-09,north
pink morsel,2000.0,2021-03-09,south
pink morsel,2180.0,2021-03-09,east
pink morsel,2365.0,2021-03-09,west
pink morsel,2380.0,2021-03-10,north
pink morsel,2320.0,2021-03-10,south
pink morsel,2005.0,2021-03-10,east
pink morsel,2270.0,2021-03-10,west
pink morsel,2005.0,2021-03-11,north
pink morsel,2410.0,2021-03-11,south
pink morsel,2065.0,2021-03-11,east
pink morsel,2170.0,2021-03-11,west
pink morsel,2175.0,2021-03-12,north
pink morsel,2310.0,2021-03-12,south
pink morsel,2490.0,2021-03-12,east
pink morsel,2400.0,2021-03-12,west
pink morsel,2065.0,2021-03-13,north
pink morsel,2165.0,2021-03-13,south
pink morsel,2305.0,2021-03-13,east
pink morsel,2100.0,2021-03-13,west
pink morsel,2245.0,2021-03-14,north
pink morsel,2365.0,2021-03-14,south
pink morsel,2300.0,2021-03-14,east
pink morsel,2340.0,2021-03-14,west
pink morsel,2330.0,2021-03-15,north
pink morsel,2445.0,2021-03-15,south
pink morsel,2390.0,2021-03-15,east
pink morsel,2210.0,2021-03-15,west
pink morsel,2365.0,2021-03-16,north
pink morsel,2500.0,2021-03-16,south
pink morsel,2235.0,2021-03-16,east
pink morsel,2480.0,2021-03-16,west
pink morsel,2065.0,2021-03-17,north
pink morsel,2325.0,2021-03-17,south
pink morsel,2480.0,2021-03-17,east
pink morsel,2265.0,2021-03-17,west
pink morsel,2440.0,2021-03-18,north
pink morsel,2020.0,2021-03-18,south
pink morsel,2115.0,2021-03-18,east
pink morsel,2075.0,2021-03-18,west
pink morsel,2035.0,2021-03-19,north
pink morsel,2495.0,2021-03-19,south
pink morsel,2340.0,2021-03-19,east
pink morsel,2220.0,2021-03-19,west
pink morsel,2380.0,2021-03-20,north
pink morsel,2360.0,2021-03-20,south
pink morsel,2325.0,2021-03-20,east
pink morsel,2340.0,2021-03-20,west
pink morsel,2300.0,2021-03-21,north
pink morsel,2030.0,2021-03-21,south
pink morsel,2110.0,2021-03-21,east
pink morsel,2490.0,2021-03-21,west
pink morsel,2420.0,2021-03-22,north
pink morsel,2030.0,2021-03-22,south
pink morsel,2450.0,2021-03-22,east
pink morsel,2315.0,2021-03-22,west
pink morsel,2470.0,2021-03-23,north
pink morsel,2240.0,2021-03-23,south
pink morsel,2155.0,2021-03-23,east
pink morsel,2005.0,2021-03-23,west
pink morsel,2005.0,2021-03-24,north
pink morsel,2075.0,2021-03-24,south
pink morsel,2080.0,2021-03-24,east
pink morsel,2395.0,2021-03-24,west
pink morsel,2435.0,2021-03-25,north
pink morsel,2055.0,2021-03-25,south
pink morsel,2130.0,2021-03-25,east
pink morsel,2365.0,2021-03-25,west
pink morsel,2320.0,2021-03-26,north
pink morsel,2325.0,2021-03-26,south
pink morsel,2210.0,2021-03-26,east
pink morsel,2225.0,2021-03-26,west
pink morsel,2465.0,2021-03-27,north
pink morsel,2175.0,2021-03-27,south
pink morsel,2145.0,2021-03-27,east
pink morsel,2085.0,2021-03-27,west
pink morsel,2310.0,2021-03-28,north
pink morsel,2070.0,2021-03-28,south
pink morsel,2355.0,2021-03-28,east
pink morsel,2410.0,2021-03-28,west
pink morsel,2475.0,2021-03-29,north
pink morsel,2005.0,2021-03-29,south
pink morsel,2025.0,2021-03-29,east
pink morsel,2265.0,2021-03-29,west
pink morsel,2090.0,2021-03-30,north
pink morsel,2390.0,2021-03-30,south
pink morsel,2410.0,2021-03-30,east
pink morsel,2035.0,2021-03-30,west
pink morsel,2475.0,2021-03-31,north
pink morsel,2135.0,2021-03-31,south
pink morsel,2440.0,2021-03-31,east
pink morsel,2105.0,2021-03-31,west
pink morsel,2405.0,2021-04-01,north
pink morsel,2000.0,2021-04-01,south
pink morsel,2480.0,2021-04-01,east
pink morsel,2495.0,2021-04-01,west
pink morsel,2260.0,2021-04-02,north
pink morsel,2100.0,2021-04-02,south
pink morsel,2480.0,2021-04-02,east
pink morsel,2325.0,2021-04-02,west
pink morsel,2345.0,2021-04-03,north
pink morsel,2005.0,2021-04-03,south
pink morsel,2175.0,2021-04-03,east
pink morsel,2330.0,2021-04-03,west
pink morsel,2480.0,2021-04-04,north
pink morsel,2455.0,2021-04-04,south
pink morsel,2165.0,2021-04-04,east
pink morsel,2355.0,2021-04-04,west
pink morsel,2270.0,2021-04-05,north
pink morsel,2415.0,2021-04-05,south
pink morsel,2150.0,2021-04-05,east
pink morsel,2215.0,2021-04-05,west
pink morsel,2440.0,2021-04-06,north
pink morsel,2435.0,2021-04-06,south
pink morsel,2255.0,2021-04-06,east
pink morsel,2260.0,2021-04-06,west
pink morsel,2020.0,2021-04-07,north
pink morsel,2125.0,2021-04-07,south
pink morsel,2120.0,2021-04-07,east
pink morsel,2070.0,2021-04-07,west
pink morsel,2135.0,2021-04-08,north
pink morsel,2050.0,2021-04-08,south
pink morsel,2400.0,2021-04-08,east
pink morsel,2040.0,2021-04-08,west
pink morsel,2265.0,2021-04-09,north
pink morsel,2340.0,2021-04-09,south
pink morsel,2245.0,2021-04-09,east
pink morsel,2450.0,2021-04-09,west
pink morsel,2385.0,2021-04-10,north
pink morsel,2255.0,2021-04-10,south
pink morsel,2065.0,2021-04-10,east
pink morsel,2295.0,2021-04-10,west
pink morsel,2415.0,2021-04-11,north
pink morsel,2355.0,2021-04-11,south
pink morsel,2425.0,2021-04-11,east
pink morsel,2150.0,2021-04-11,west
pink morsel,2285.0,2021-04-12,north
pink morsel,2315.0,2021-04-12,south
pink morsel,2080.0,2021-04-12,east
pink morsel,2305.0,2021-04-12,west
pink morsel,2115.0,2021-04-13,north
pink morsel,2380.0,2021-04-13,south
pink morsel,2195.0,2021-04-13,east
pink morsel,2325.0,2021-04-13,west
pink morsel,2045.0,2021-04-14,north
pink morsel,2370.0,2021-04-14,south
pink morsel,2485.0,2021-04-14,east
pink morsel,2085.0,2021-04-14,west
pink morsel,2185.0,2021-04-15,north
pink morsel,2275.0,2021-04-15,south
pink morsel,2050.0,2021-04-15,east
pink morsel,2320.0,2021-04-15,west
pink morsel,2335.0,2021-04-16,north
pink morsel,2415.0,2021-04-16,south
pink morsel,2115.0,2021-04-16,east
pink morsel,2380.0,2021-04-16,west
pink morsel,2375.0,2021-04-17,north
pink morsel,2250.0,2021-04-17,south
pink morsel,2415.0,2021-04-17,east
pink morsel,2395.0,2021-04-17,west
pink morsel,2005.0,2021-04-18,north
pink morsel,2215.0,2021-04-18,south
pink morsel,2405.0,2021-04-18,east
pink morsel,2265.0,2021-04-18,west
pink morsel,2160.0,2021-04-19,north
pink morsel,2115.0,2021-04-19,south
pink morsel,2175.0,2021-04-19,east
pink morsel,2420.0,2021-04-19,west
pink morsel,2290.0,2021-04-20,north
pink morsel,2115.0,2021-04-20,south
pink morsel,2110.0,2021-04-20,east
pink morsel,2395.0,2021-04-20,west
pink morsel,2400.0,2021-04-21,north
pink morsel,2195.0,2021-04-21,south
pink morsel,2095.0,2021-04-21,east
pink morsel,2330.0,2021-04-21,west
pink morsel,2235.0,2021-04-22,north
pink morsel,2195.0,2021-04-22,south
pink morsel,2480.0,2021-04-22,east
pink morsel,2270.0,2021-04-22,west
pink morsel,2280.0,2021-04-23,north
pink morsel,2065.0,2021-04-23,south
pink morsel,2065.0,2021-04-23,east
pink morsel,2260.0,2021-04-23,west
pink morsel,2440.0,2021-04-24,north
pink morsel,2130.0,2021-04-24,south
pink morsel,2345.0,2021-04-24,east
pink morsel,2020.0,2021-04-24,west
pink morsel,2275.0,2021-04-25,north
pink morsel,2375.0,2021-04-25,south
pink morsel,2340.0,2021-04-25,east
pink morsel,2300.0,2021-04-25,west
pink morsel,2260.0,2021-04-26,north
pink morsel,2295.0,2021-04-26,south
pink morsel,2295.0,2021-04-26,east
pink morsel,2115.0,2021-04-26,west
pink morsel,2095.0,2021-04-27,north
pink morsel,2010.0,2021-04-27,south
pink morsel,2245.0,2021-04-27,east
pink morsel,2245.0,2021-04-27,west
pink morsel,2385.0,2021-04-28,north
pink morsel,2230.0,2021-04-28,south
pink morsel,2285.0,2021-04-28,east
pink morsel,2115.0,2021-04-28,west
pink morsel,2150.0,2021-04-29,north
pink morsel,2065.0,2021-04-29,south
pink morsel,2110.0,2021-04-29,east
pink morsel,2175.0,2021-04-29,west
pink morsel,2320.0,2021-04-30,north
pink morsel,2435.0,2021-04-30,south
pink morsel,2050.0,2021-04-30,east
pink morsel,2165.0,2021-04-30,west
pink morsel,2460.0,2021-05-01,north
pink morsel,2165.0,2021-05-01,south
pink morsel,2110.0,2021-05-01,east
pink morsel,2320.0,2021-05-01,west
pink morsel,2305.0,2021-05-02,north
pink morsel,2145.0,2021-05-02,south
pink morsel,2460.0,2021-05-02,east
pink morsel,2260.0,2021-05-02,west
pink morsel,2355.0,2021-05-03,north
pink morsel,2070.0,2021-05-03,south
pink morsel,2455.0,2021-05-03,east
pink morsel,2090.0,2021-05-03,west
pink morsel,2270.0,2021-05-04,north
pink morsel,2425.0,2021-05-04,south
pink morsel,2415.0,2021-05-04,east
pink morsel,2065.0,2021-05-04,west
pink morsel,2315.0,2021-05-05,north
pink morsel,2120.0,2021-05-05,south
pink morsel,2330.0,2021-05-05,east
pink morsel,2295.0,2021-05-05,west
pink morsel,2120.0,2021-05-06,north
pink morsel,2050.0,2021-05-06,south
pink morsel,2140.0,2021-05-06,east
pink morsel,2230.0,2021-05-06,west
pink morsel,2090.0,2021-05-07,north
pink morsel,2335.0,2021-05-07,south
pink morsel,2125.0,2021-05-07,east
pink morsel,2380.0,2021-05-07,west
pink morsel,2090.0,2021-05-08,north
pink morsel,2490.0,2021-05-08,south
pink morsel,2200.0,2021-05-08,east
pink morsel,2045.0,2021-05-08,west
pink morsel,2140.0,2021-05-09,north
pink morsel,2115.0,2021-05-09,south
pink morsel,2045.0,2021-05-09,east
pink morsel,2385.0,2021-05-09,west
pink morsel,2250.0,2021-05-10,north
pink morsel,2325.0,2021-05-10,south
pink morsel,2325.0,2021-05-10,east
pink morsel,2400.0,2021-05-10,west
pink morsel,2120.0,2021-05-11,north
pink morsel,2165.0,2021-05-11,south
pink morsel,2175.0,2021-05-11,east
pink morsel,2190.0,2021-05-11,west
pink morsel,2155.0,2021-05-12,north
pink morsel,2325.0,2021-05-12,south
pink morsel,2025.0,2021-05-12,east
pink morsel,2455.0,2021-05-12,west
pink morsel,2330.0,2021-05-13,north
pink morsel,2210.0,2021-05-13,south
pink morsel,2010.0,2021-05-13,east
pink morsel,2320.0,2021-05-13,west
pink morsel,2135.0,2021-05-14,north
pink morsel,2500.0,2021-05-14,south
pink morsel,2140.0,2021-05-14,east
pink morsel,2190.0,2021-05-14,west
pink morsel,2240.0,2021-05-15,north
pink morsel,2180.0,2021-05-15,south
pink morsel,2020.0,2021-05-15,east
pink morsel,2390.0,2021-05-15,west
pink morsel,2375.0,2021-05-16,north
pink morsel,2050.0,2021-05-16,south
pink morsel,2080.0,2021-05-16,east
pink morsel,2055.0,2021-05-16,west
pink morsel,2020.0,2021-05-17,north
pink morsel,2470.0,2021-05-17,south
pink morsel,2220.0,2021-05-17,east
pink morsel,2255.0,2021-05-17,west
pink morsel,2185.0,2021-05-18,north
pink morsel,2455.0,2021-05-18,south
pink morsel,2270.0,2021-05-18,east
pink morsel,2415.0,2021-05-18,west
pink morsel,2400.0,2021-05-19,north
pink morsel,2300.0,2021-05-19,south
pink morsel,2175.0,2021-05-19,east
pink morsel,2020.0,2021-05-19,west
pink morsel,2195.0,2021-05-20,north
pink morsel,2050.0,2021-05-20,south
pink morsel,2055.0,2021-05-20,east
pink morsel,2300.0,2021-05-20,west
pink morsel,2480.0,2021-05-21,north
pink morsel,2240.0,2021-05-21,south
pink morsel,2025.0,2021-05-21,east
pink morsel,2480.0,2021-05-21,west
pink morsel,2430.0,2021-05-22,north
pink morsel,2100.0,2021-05-22,south
pink morsel,2420.0,2021-05-22,east
pink morsel,2410.0,2021-05-22,west
pink morsel,2155.0,2021-05-23,north
pink morsel,2345.0,2021-05-23,south
pink morsel,2045.0,2021-05-23,east
pink morsel,2240.0,2021-05-23,west
pink morsel,2390.0,2021-05-24,north
pink morsel,2210.0,2021-05-24,south
pink morsel,2105.0,2021-05-24,east
pink morsel,2075.0,2021-05-24,west
pink morsel,2020.0,2021-05-25,north
pink morsel,2105.0,2021-05-25,south
pink morsel,2295.0,2021-05-25,east
pink morsel,2005.0,2021-05-25,west
pink morsel,2475.0,2021-05-26,north
pink morsel,2210.0,2021-05-26,south
pink morsel,2040.0,2021-05-26,east
pink morsel,2085.0,2021-05-26,west
pink morsel,2080.0,2021-05-27,north
pink morsel,2260.0,2021-05-27,south
pink morsel,2345.0,2021-05-27,east
pink morsel,2160.0,2021-05-27,west
pink morsel,2205.0,2021-05-28,north
pink morsel,2055.0,2021-05-28,south
pink morsel,2280.0,2021-05-28,east
pink morsel,2205.0,2021-05-28,west
pink morsel,2150.0,2021-05-29,north
pink morsel,2450.0,2021-05-29,south
pink morsel,2005.0,2021-05-29,east
pink morsel,2115.0,2021-05-29,west
pink morsel,2380.0,2021-05-30,north
pink morsel,2225.0,2021-05-30,south
pink morsel,2485.0,2021-05-30,east
pink morsel,2310.0,2021-05-30,west
pink morsel,2395.0,2021-05-31,north
pink morsel,2095.0,2021-05-31,south
pink morsel,2220.0,2021-05-31,east
pink morsel,2130.0,2021-05-31,west
pink morsel,2140.0,2021-06-01,north
pink morsel,2450.0,2021-06-01,south
pink morsel,2055.0,2021-06-01,east
pink morsel,2215.0,2021-06-01,west
pink morsel,2015.0,2021-06-02,north
pink morsel,2350.0,2021-06-02,south
pink morsel,2005.0,2021-06-02,east
pink morsel,2015.0,2021-06-02,west
pink morsel,2375.0,2021-06-03,north
pink morsel,2025.0,2021-06-03,south
pink morsel,2375.0,2021-06-03,east
pink morsel,2300.0,2021-06-03,west
pink morsel,2405.0,2021-06-04,north
pink morsel,2135.0,2021-06-04,south
pink morsel,2315.0,2021-06-04,east
pink morsel,2300.0,2021-06-04,west
pink morsel,2425.0,2021-06-05,north
pink morsel,2400.0,2021-06-05,south
pink morsel,2245.0,2021-06-05,east
pink morsel,2085.0,2021-06-05,west
pink morsel,2020.0,2021-06-06,north
pink morsel,2190.0,2021-06-06,south
pink morsel,2450.0,2021-06-06,east
pink morsel,2245.0,2021-06-06,west
pink morsel,2390.0,2021-06-07,north
pink morsel,2020.0,2021-06-07,south
pink morsel,2360.0,2021-06-07,east
pink morsel,2070.0,2021-06-07,west
pink morsel,2290.0,2021-06-08,north
pink morsel,2035.0,2021-06-08,south
pink morsel,2450.0,2021-06-08,east
pink morsel,2120.0,2021-06-08,west
pink morsel,2480.0,2021-06-09,north
pink morsel,2500.0,2021-06-09,south
pink morsel,2365.0,2021-06-09,east
pink morsel,2330.0,2021-06-09,west
pink morsel,2280.0,2021-06-10,north
pink morsel,2015.0,2021-06-10,south
pink morsel,2500.0,2021-06-10,east
pink morsel,2405.0,2021-06-10,west
pink morsel,2385.0,2021-06-11,north
pink morsel,2090.0,2021-06-11,south
pink morsel,2300.0,2021-06-11,east
pink morsel,2350.0,2021-06-11,west
pink morsel,2095.0,2021-06-12,north
pink morsel,2375.0,2021-06-12,south
pink morsel,2270.0,2021-06-12,east
pink morsel,2365.0,2021-06-12,west
pink morsel,2205.0,2021-06-13,north
pink morsel,2260.0,2021-06-13,south
pink morsel,2135.0,2021-06-13,east
pink morsel,2280.0,2021-06-13,west
pink morsel,2485.0,2021-06-14,north
pink morsel,2025.0,2021-06-14,south
pink morsel,2460.0,2021-06-14,east
pink morsel,2285.0,2021-06-14,west
pink morsel,2090.0,2021-06-15,north
pink morsel,2075.0,2021-06-15,south
pink morsel,2125.0,2021-06-15,east
pink morsel,2085.0,2021-06-15,west
pink morsel,2410.0,2021-06-16,north
pink morsel,2265.0,2021-06-16,south
pink morsel,2145.0,2021-06-16,east
pink morsel,2320.0,2021-06-16,west
pink morsel,2260.0,2021-06-17,north
pink morsel,2460.0,2021-06-17,south
pink morsel,2060.0,2021-06-17,east
pink morsel,2120.0,2021-06-17,west
pink morsel,2325.0,2021-06-18,north
pink morsel,2275.0,2021-06-18,south
pink morsel,2285.0,2021-06-18,east
pink morsel,2150.0,2021-06-18,west
pink morsel,2160.0,2021-06-19,north
pink morsel,2020.0,2021-06-19,south
pink morsel,2430.0,2021-06-19,east
pink morsel,2025.0,2021-06-19,west
pink morsel,2280.0,2021-06-20,north
pink morsel,2425.0,2021-06-20,south
pink morsel,2230.0,2021-06-20,east
pink morsel,2160.0,2021-06-20,west
pink morsel,2360.0,2021-06-21,north
pink morsel,2305.0,2021-06-21,south
pink morsel,2105.0,2021-06-21,east
pink morsel,2290.0,2021-06-21,west
pink morsel,2280.0,2021-06-22,north
pink morsel,2010.0,2021-06-22,south
pink morsel,2095.0,2021-06-22,east
pink morsel,2270.0,2021-06-22,west
pink morsel,2080.0,2021-06-23,north
pink morsel,2345.0,2021-06-23,south
pink morsel,2240.0,2021-06-23,east
pink morsel,2425.0,2021-06-23,west
pink morsel,2390.0,2021-06-24,north
pink morsel,2155.0,2021-06-24,south
pink morsel,2060.0,2021-06-24,east
pink morsel,2055.0,2021-06-24,west
pink morsel,2140.0,2021-06-25,north
pink morsel,2340.0,2021-06-25,south
pink morsel,2030.0,2021-06-25,east
pink morsel,2310.0,2021-06-25,west
pink morsel,2065.0,2021-06-26,north
pink morsel,2330.0,2021-06-26,south
pink morsel,2145.0,2021-06-26,east
pink morsel,2050.0,2021-06-26,west
pink morsel,2095.0,2021-06-27,north
pink morsel,2460.0,2021-06-27,south
pink morsel,2195.0,2021-06-27,east
pink morsel,2020.0,2021-06-27,west
pink morsel,2185.0,2021-06-28,north
pink morsel,2190.0,2021-06-28,south
pink morsel,2050.0,2021-06-28,east
pink morsel,2045.0,2021-06-28,west
pink morsel,2155.0,2021-06-29,north
pink morsel,2135.0,2021-06-29,south
pink morsel,2280.0,2021-06-29,east
pink morsel,2485.0,2021-06-29,west
pink morsel,2040.0,2021-06-30,north
pink morsel,2130.0,2021-06-30,south
pink morsel,2490.0,2021-06-30,east
pink morsel,2160.0,2021-06-30,west
pink morsel,2065.0,2021-07-01,north
pink morsel,2355.0,2021-07-01,south
pink morsel,2205.0,2021-07-01,east
pink morsel,2265.0,2021-07-01,west
pink morsel,2005.0,2021-07-02,north
pink morsel,2450.0,2021-07-02,south
pink morsel,2500.0,2021-07-02,east
pink morsel,2445.0,2021-07-02,west
pink morsel,2460.0,2021-07-03,north
pink morsel,2060.0,2021-07-03,south
pink morsel,2090.0,2021-07-03,east
pink morsel,2415.0,2021-07-03,west
pink morsel,2395.0,2021-07-04,north
pink morsel,2370.0,2021-07-04,south
pink morsel,2110.0,2021-07-04,east
pink morsel,2395.0,2021-07-04,west
pink morsel,2205.0,2021-07-05,north
pink morsel,2245.0,2021-07-05,south
pink morsel,2330.0,2021-07-05,east
pink morsel,2010.0,2021-07-05,west
pink morsel,2430.0,2021-07-06,north
pink morsel,2125.0,2021-07-06,south
pink morsel,2235.0,2021-07-06,east
pink morsel,2175.0,2021-07-06,west
pink morsel,2460.0,2021-07-07,north
pink morsel,2500.0,2021-07-07,south
pink morsel,2315.0,2021-07-07,east
pink morsel,2120.0,2021-07-07,west
pink morsel,2040.0,2021-07-08,north
pink morsel,2425.0,2021-07-08,south
pink morsel,2375.0,2021-07-08,east
pink morsel,2080.0,2021-07-08,west
pink morsel,2105.0,2021-07-09,north
pink morsel,2240.0,2021-07-09,south
pink morsel,2015.0,2021-07-09,east
pink morsel,2170.0,2021-07-09,west
pink morsel,2195.0,2021-07-10,north
pink morsel,2440.0,2021-07-10,south
pink morsel,2040.0,2021-07-10,east
pink morsel,2260.0,2021-07-10,west
pink morsel,2170.0,2021-07-11,north
pink morsel,2200.0,2021-07-11,south
pink morsel,2260.0,2021-07-11,east
pink morsel,2395.0,2021-07-11,west
pink morsel,2010.0,2021-07-12,north
pink morsel,2005.0,2021-07-12,south
pink morsel,2250.0,2021-07-12,east
pink morsel,2010.0,2021-07-12,west
pink morsel,2145.0,2021-07-13,north
pink morsel,2105.0,2021-07-13,south
pink morsel,2265.0,2021-07-13,east
pink morsel,2020.0,2021-07-13,west
pink morsel,2295.0,2021-07-14,north
pink morsel,2330.0,2021-07-14,south
pink morsel,2280.0,2021-07-14,east
pink morsel,2045.0,2021-07-14,west
pink morsel,2375.0,2021-07-15,north
pink morsel,2370.0,2021-07-15,south
pink morsel,2255.0,2021-07-15,east
pink morsel,2305.0,2021-07-15,west
pink morsel,2440.0,2021-07-16,north
pink morsel,2020.0,2021-07-16,south
pink morsel,2035.0,2021-07-16,east
pink morsel,2155.0,2021-07-16,west
pink morsel,2145.0,2021-07-17,north
pink morsel,2080.0,2021-07-17,south
pink morsel,2345.0,2021-07-17,east
pink morsel,2230.0,2021-07-17,west
pink morsel,2375.0,2021-07-18,north
pink morsel,2165.0,2021-07-18,south
pink morsel,2175.0,2021-07-18,east
pink morsel,2385.0,2021-07-18,west
pink morsel,2295.0,2021-07-19,north
pink morsel,2170.0,2021-07-19,south
pink morsel,2040.0,2021-07-19,east
pink morsel,2205.0,2021-07-19,west
pink morsel,2435.0,2021-07-20,north
pink morsel,2380.0,2021-07-20,south
pink morsel,2445.0,2021-07-20,east
pink morsel,2390.0,2021-07-20,west
pink morsel,2115.0,2021-07-21,north
pink morsel,2275.0,2021-07-21,south
pink morsel,2200.0,2021-07-21,east
pink morsel,2305.0,2021-07-21,west
pink morsel,2280.0,2021-07-22,north
pink morsel,2140.0,2021-07-22,south
pink morsel,2205.0,2021-07-22,east
pink morsel,2450.0,2021-07-22,west
pink morsel,2060.0,2021-07-23,north
pink morsel,2200.0,2021-07-23,south
pink morsel,2390.0,2021-07-23,east
pink morsel,2075.0,2021-07-23,west
pink morsel,2015.0,2021-07-24,north
pink morsel,2235.0,2021-07-24,south
pink morsel,2360.0,2021-07-24,east
pink morsel,2125.0,2021-07-24,west
pink morsel,2235.0,2021-07-25,north
pink morsel,2450.0,2021-07-25,south
pink morsel,2155.0,2021-07-25,east
pink morsel,2280.0,2021-07-25,west
pink morsel,2285.0,2021-07-26,north
pink morsel,2395.0,2021-07-26,south
pink morsel,2360.0,2021-07-26,east
pink morsel,2290.0,2021-07-26,west
pink morsel,2440.0,2021-07-27,north
pink morsel,2315.0,2021-07-27,south
pink morsel,2080.0,2021-07-27,east
pink morsel,2450.0,2021-07-27,west
pink morsel,2165.0,2021-07-28,north
pink morsel,2385.0,2021-07-28,south
pink morsel,2010.0,2021-07-28,east
pink morsel,2425.0,2021-07-28,west
pink morsel,2125.0,2021-07-29,north
pink morsel,2125.0,2021-07-29,south
pink morsel,2235.0,2021-07-29,east
pink morsel,2360.0,2021-07-29,west
pink morsel,2005.0,2021-07-30,north
pink morsel,2200.0,2021-07-30,south
pink morsel,2155.0,2021-07-30,east
pink morsel,2245.0,2021-07-30,west
pink morsel,2220.0,2021-07-31,north
pink morsel,2225.0,2021-07-31,south
pink morsel,2150.0,2021-07-31,east
pink morsel,2145.0,2021-07-31,west
pink morsel,2070.0,2021-08-01,north
pink morsel,2265.0,2021-08-01,south
pink morsel,2055.0,2021-08-01,east
pink morsel,2165.0,2021-08-01,west
pink morsel,2280.0,2021-08-02,north
pink morsel,2275.0,2021-08-02,south
pink morsel,2200.0,2021-08-02,east
pink morsel,2490.0,2021-08-02,west
pink morsel,2350.0,2021-08-03,north
pink morsel,2075.0,2021-08-03,south
pink morsel,2250.0,2021-08-03,east
pink morsel,2315.0,2021-08-03,west
pink morsel,2480.0,2021-08-04,north
pink morsel,2070.0,2021-08-04,south
pink morsel,2450.0,2021-08-04,east
pink morsel,2010.0,2021-08-04,west
pink morsel,2420.0,2021-08-05,north
pink morsel,2215.0,2021-08-05,south
pink morsel,2130.0,2021-08-05,east
pink morsel,2065.0,2021-08-05,west
pink morsel,2060.0,2021-08-06,north
pink morsel,2050.0,2021-08-06,south
pink morsel,2470.0,2021-08-06,east
pink morsel,2295.0,2021-08-06,west
pink morsel,2230.0,2021-08-07,north
pink morsel,2030.0,2021-08-07,south
pink morsel,2310.0,2021-08-07,east
pink morsel,2415.0,2021-08-07,west
pink morsel,2480.0,2021-08-08,north
pink morsel,2230.0,2021-08-08,south
pink morsel,2360.0,2021-08-08,east
pink morsel,2400.0,2021-08-08,west
pink morsel,2165.0,2021-08-09,north
pink morsel,2385.0,2021-08-09,south
pink morsel,2240.0,2021-08-09,east
pink morsel,2060.0,2021-08-09,west
pink morsel,2295.0,2021-08-10,north
pink morsel,2180.0,2021-08-10,south
pink morsel,2075.0,2021-08-10,east
pink morsel,2375.0,2021-08-10,west
pink morsel,2250.0,2021-08-11,north
pink morsel,2250.0,2021-08-11,south
pink morsel,2345.0,2021-08-11,east
pink morsel,2080.0,2021-08-11,west
pink morsel,2495.0,2021-08-12,north
pink morsel,2100.0,2021-08-12,south
pink morsel,2430.0,2021-08-12,east
pink morsel,2070.0,2021-08-12,west
pink morsel,2285.0,2021-08-13,north
pink morsel,2235.0,2021-08-13,south
pink morsel,2480.0,2021-08-13,east
pink morsel,2425.0,2021-08-13,west
pink morsel,2095.0,2021-08-14,north
pink morsel,2135.0,2021-08-14,south
pink morsel,2330.0,2021-08-14,east
pink morsel,2020.0,2021-08-14,west
pink morsel,2060.0,2021-08-15,north
pink morsel,2140.0,2021-08-15,south
pink morsel,2470.0,2021-08-15,east
pink morsel,2485.0,2021-08-15,west
pink morsel,2040.0,2021-08-16,north
pink morsel,2155.0,2021-08-16,south
pink morsel,2120.0,2021-08-16,east
pink morsel,2135.0,2021-08-16,west
pink morsel,2395.0,2021-08-17,north
pink morsel,2475.0,2021-08-17,south
pink morsel,2360.0,2021-08-17,east
pink morsel,2175.0,2021-08-17,west
pink morsel,2490.0,2021-08-18,north
pink morsel,2075.0,2021-08-18,south
pink morsel,2325.0,2021-08-18,east
pink morsel,2445.0,2021-08-18,west
pink morsel,2080.0,2021-08-19,north
pink morsel,2370.0,2021-08-19,south
pink morsel,2225.0,2021-08-19,east
pink morsel,2495.0,2021-08-19,west
pink morsel,2160.0,2021-08-20,north
pink morsel,2195.0,2021-08-20,south
pink morsel,2315.0,2021-08-20,east
pink morsel,2170.0,2021-08-20,west
pink morsel,2230.0,2021-08-21,north
pink morsel,2095.0,2021-08-21,south
pink morsel,2050.0,2021-08-21,east
pink morsel,2490.0,2021-08-21,west
pink morsel,2095.0,2021-08-22,north
pink morsel,2180.0,2021-08-22,south
pink morsel,2075.0,2021-08-22,east
pink morsel,2475.0,2021-08-22,west
pink morsel,2020.0,2021-08-23,north
pink morsel,2000.0,2021-08-23,south
pink morsel,2210.0,2021-08-23,east
pink morsel,2155.0,2021-08-23,west
pink morsel,2215.0,2021-08-24,north
pink morsel,2475.0,2021-08-24,south
pink morsel,2265.0,2021-08-24,east
pink morsel,2030.0,2021-08-24,west
pink morsel,2020.0,2021-08-25,north
pink morsel,2240.0,2021-08-25,south
pink morsel,2000.0,2021-08-25,east
pink morsel,2150.0,2021-08-25,west
pink morsel,2370.0,2021-08-26,north
pink morsel,2180.0,2021-08-26,south
pink morsel,2470.0,2021-08-26,east
pink morsel,2150.0,2021-08-26,west
pink morsel,2170.0,2021-08-27,north
pink morsel,2260.0,2021-08-27,south
pink morsel,2140.0,2021-08-27,east
pink morsel,2045.0,2021-08-27,west
pink morsel,2490.0,2021-08-28,north
pink morsel,2320.0,2021-08-28,south
pink morsel,2230.0,2021-08-28,east
pink morsel,2440.0,2021-08-28,west
pink morsel,2185.0,2021-08-29,north
pink morsel,2350.0,2021-08-29,south
pink morsel,2445.0,2021-08-29,east
pink morsel,2365.0,2021-08-29,west
pink morsel,2065.0,2021-08-30,north
pink morsel,2015.0,2021-08-30,south
pink morsel,2160.0,2021-08-30,east
pink morsel,2300.0,2021-08-30,west
pink morsel,2045.0,2021-08-31,north
pink morsel,2440.0,2021-08-31,south
pink morsel,2165.0,2021-08-31,east
pink morsel,2180.0,2021-08-31,west
pink morsel,2330.0,2021-09-01,north
pink morsel,2240.0,2021-09-01,south
pink morsel,2120.0,2021-09-01,east
pink morsel,2495.0,2021-09-01,west
pink morsel,2080.0,2021-09-02,north
pink morsel,2415.0,2021-09-02,south
pink morsel,2085.0,2021-09-02,east
pink morsel,2400.0,2021-09-02,west
pink morsel,2255.0,2021-09-03,north
pink morsel,2245.0,2021-09-03,south
pink morsel,2020.0,2021-09-03,east
pink morsel,2270.0,2021-09-03,west
pink morsel,2395.0,2021-09-04,north
pink morsel,2165.0,2021-09-04,south
pink morsel,2020.0,2021-09-04,east
pink morsel,2135.0,2021-09-04,west
pink morsel,2330.0,2021-09-05,north
pink morsel,2290.0,2021-09-05,south
pink morsel,2045.0,2021-09-05,east
pink morsel,2255.0,2021-09-05,west
pink morsel,2345.0,2021-09-06,north
pink morsel,2185.0,2021-09-06,south
pink morsel,2335.0,2021-09-06,east
pink morsel,2300.0,2021-09-06,west
pink morsel,2040.0,2021-09-07,north
pink morsel,2055.0,2021-09-07,south
pink morsel,2270.0,2021-09-07,east
pink morsel,2335.0,2021-09-07,west
pink morsel,2425.0,2021-09-08,north
pink morsel,2445.0,2021-09-08,south
pink morsel,2480.0,2021-09-08,east
pink morsel,2480.0,2021-09-08,west
pink morsel,2000.0,2021-09-09,north
pink morsel,2075.0,2021-09-09,south
pink morsel,2345.0,2021-09-09,east
pink morsel,2245.0,2021-09-09,west
pink morsel,2070.0,2021-09-10,north
pink morsel,2365.0,2021-09-10,south
pink morsel,2015.0,2021-09-10,east
pink morsel,2375.0,2021-09-10,west
pink morsel,2270.0,2021-09-11,north
pink morsel,2015.0,2021-09-11,south
pink morsel,2000.0,2021-09-11,east
pink morsel,2295.0,2021-09-11,west
pink morsel,2435.0,2021-09-12,north
pink morsel,2485.0,2021-09-12,south
pink morsel,2450.0,2021-09-12,east
pink morsel,2205.0,2021-09-12,west
pink morsel,2415.0,2021-09-13,north
pink morsel,2440.0,2021-09-13,south
pink morsel,2490.0,2021-09-13,east
pink morsel,2415.0,2021-09-13,west
pink morsel,2260.0,2021-09-14,north
pink morsel,2385.0,2021-09-14,south
pink morsel,2280.0,2021-09-14,east
pink morsel,2210.0,2021-09-14,west
pink morsel,2070.0,2021-09-15,north
pink morsel,2105.0,2021-09-15,south
pink morsel,2425.0,2021-09-15,east
pink morsel,2265.0,2021-09-15,west
pink morsel,2190.0,2021-09-16,north
pink morsel,2110.0,2021-09-16,south
pink morsel,2115.0,2021-09-16,east
pink morsel,2455.0,2021-09-16,west
pink morsel,2270.0,2021-09-17,north
pink morsel,2350.0,2021-09-17,south
pink morsel,2365.0,2021-09-17,east
pink morsel,2270.0,2021-09-17,west
pink morsel,2200.0,2021-09-18,north
pink morsel,2500.0,2021-09-18,south
pink morsel,2425.0,2021-09-18,east
pink morsel,2290.0,2021-09-18,west
pink morsel,2460.0,2021-09-19,north
pink morsel,2185.0,2021-09-19,south
pink morsel,2390.0,2021-09-19,east
pink morsel,2175.0,2021-09-19,west
pink morsel,2480.0,2021-09-20,north
pink morsel,2385.0,2021-09-20,south
pink morsel,2150.0,2021-09-20,east
pink morsel,2225.0,2021-09-20,west
pink morsel,2395.0,2021-09-21,north
pink morsel,2395.0,2021-09-21,south
pink morsel,2445.0,2021-09-21,east
pink morsel,2295.0,2021-09-21,west
pink morsel,2285.0,2021-09-22,north
pink morsel,2095.0,2021-09-22,south
pink morsel,2310.0,2021-09-22,east
pink morsel,2120.0,2021-09-22,west
pink morsel,2075.0,2021-09-23,north
pink morsel,2390.0,2021-09-23,south
pink morsel,2485.0,2021-09-23,east
pink morsel,2475.0,2021-09-23,west
pink morsel,2225.0,2021-09-24,north
pink morsel,2325.0,2021-09-24,south
pink morsel,2195.0,2021-09-24,east
pink morsel,2410.0,2021-09-24,west
pink morsel,2285.0,2021-09-25,north
pink morsel,2000.0,2021-09-25,south
pink morsel,2345.0,2021-09-25,east
pink morsel,2400.0,2021-09-25,west
pink morsel,2260.0,2021-09-26,north
pink morsel,2300.0,2021-09-26,south
pink morsel,2150.0,2021-09-26,east
pink morsel,2200.0,2021-09-26,west
pink morsel,2140.0,2021-09-27,north
pink morsel,2365.0,2021-09-27,south
pink morsel,2090.0,2021-09-27,east
pink morsel,2115.0,2021-09-27,west
pink morsel,2070.0,2021-09-28,north
pink morsel,2085.0,2021-09-28,south
pink morsel,2435.0,2021-09-28,east
pink morsel,2115.0,2021-09-28,west
pink morsel,2340.0,2021-09-29,north
pink morsel,2225.0,2021-09-29,south
pink morsel,2140.0,2021-09-29,east
pink morsel,2240.0,2021-09-29,west
pink morsel,2000.0,2021-09-30,north
pink morsel,2175.0,2021-09-30,south
pink morsel,2020.0,2021-09-30,east
pink morsel,2425.0,2021-09-30,west
pink morsel,2350.0,2021-10-01,north
pink morsel,2215.0,2021-10-01,south
pink morsel,2345.0,2021-10-01,east
pink morsel,2360.0,2021-10-01,west
pink morsel,2370.0,2021-10-02,north
pink morsel,2180.0,2021-10-02,south
pink morsel,2000.0,2021-10-02,east
pink morsel,2235.0,2021-10-02,west
pink morsel,2055.0,2021-10-03,north
pink morsel,2265.0,2021-10-03,south
pink morsel,2165.0,2021-10-03,east
pink morsel,2165.0,2021-10-03,west
pink morsel,2135.0,2021-10-04,north
pink morsel,2395.0,2021-10-04,south
pink morsel,2240.0,2021-10-04,east
pink morsel,2295.0,2021-10-04,west
pink morsel,2425.0,2021-10-05,north
pink morsel,2255.0,2021-10-05,south
pink morsel,2145.0,2021-10-05,east
pink morsel,2000.0,2021-10-05,west
pink morsel,2090.0,2021-10-06,north
pink morsel,2390.0,2021-10-06,south
pink morsel,2120.0,2021-10-06,east
pink morsel,2405.0,2021-10-06,west
pink morsel,2370.0,2021-10-07,north
pink morsel,2080.0,2021-10-07,south
pink morsel,2160.0,2021-10-07,east
pink morsel,2270.0,2021-10-07,west
pink morsel,2455.0,2021-10-08,north
pink morsel,2360.0,2021-10-08,south
pink morsel,2085.0,2021-10-08,east
pink morsel,2045.0,2021-10-08,west
pink morsel,2260.0,2021-10-09,north
pink morsel,2300.0,2021-10-09,south
pink morsel,2065.0,2021-10-09,east
pink morsel,2025.0,2021-10-09,west
pink morsel,2400.0,2021-10-10,north
pink morsel,2255.0,2021-10-10,south
pink morsel,2335.0,2021-10-10,east
pink morsel,2460.0,2021-10-10,west
pink morsel,2120.0,2021-10-11,north
pink morsel,2230.0,2021-10-11,south
pink morsel,2195.0,2021-10-11,east
pink morsel,2205.0,2021-10-11,west
pink morsel,2105.0,2021-10-12,north
pink morsel,2105.0,2021-10-12,south
pink morsel,2065.0,2021-10-12,east
pink morsel,2005.0,2021-10-12,west
pink morsel,2205.0,2021-10-13,north
pink morsel,2495.0,2021-10-13,south
pink morsel,2125.0,2021-10-13,east
pink morsel,2410.0,2021-10-13,west
pink morsel,2320.0,2021-10-14,north
pink morsel,2010.0,2021-10-14,south
pink morsel,2330.0,2021-10-14,east
pink morsel,2275.0,2021-10-14,west
pink morsel,2305.0,2021-10-15,north
pink morsel,2425.0,2021-10-15,south
pink morsel,2310.0,2021-10-15,east
pink morsel,2090.0,2021-10-15,west
pink morsel,2485.0,2021-10-16,north
pink morsel,2415.0,2021-10-16,south
pink morsel,2395.0,2021-10-16,east
pink morsel,2090.0,2021-10-16,west
pink morsel,2010.0,2021-10-17,north
pink morsel,2085.0,2021-10-17,south
pink morsel,2250.0,2021-10-17,east
pink morsel,2450.0,2021-10-17,west
pink morsel,2230.0,2021-10-18,north
pink morsel,2310.0,2021-10-18,south
pink morsel,2005.0,2021-10-18,east
pink morsel,2025.0,2021-10-18,west
pink morsel,2085.0,2021-10-19,north
pink morsel,2275.0,2021-10-19,south
pink morsel,2220.0,2021-10-19,east
pink morsel,2395.0,2021-10-19,west
pink morsel,2070.0,2021-10-20,north
pink morsel,2210.0,2021-10-20,south
pink morsel,2290.0,2021-10-20,east
pink morsel,2380.0,2021-10-20,west
pink morsel,2475.0,2021-10-21,north
pink morsel,2175.0,2021-10-21,south
pink morsel,2015.0,2021-10-21,east
pink morsel,2115.0,2021-10-21,west
pink morsel,2030.0,2021-10-22,north
pink morsel,2400.0,2021-10-22,south
pink morsel,2180.0,2021-10-22,east
pink morsel,2345.0,2021-10-22,west
pink morsel,2485.0,2021-10-23,north
pink morsel,2225.0,2021-10-23,south
pink morsel,2095.0,2021-10-23,east
pink morsel,2350.0,2021-10-23,west
pink morsel,2315.0,2021-10-24,north
pink morsel,2155.0,2021-10-24,south
pink morsel,2305.0,2021-10-24,east
pink morsel,2250.0,2021-10-24,west
pink morsel,2470.0,2021-10-25,north
pink morsel,2135.0,2021-10-25,south
pink morsel,2255.0,2021-10-25,east
pink morsel,2270.0,2021-10-25,west
pink morsel,2410.0,2021-10-26,north
pink morsel,2490.0,2021-10-26,south
pink morsel,2250.0,2021-10-26,east
pink morsel,2220.0,2021-10-26,west
pink morsel,2145.0,2021-10-27,north
pink morsel,2145.0,2021-10-27,south
pink morsel,2450.0,2021-10-27,east
pink morsel,2090.0,2021-10-27,west
pink morsel,2165.0,2021-10-28,north
pink morsel,2355.0,2021-10-28,south
pink morsel,2315.0,2021-10-28,east
pink morsel,2300.0,2021-10-28,west
pink morsel,2225.0,2021-10-29,north
pink morsel,2175.0,2021-10-29,south
pink morsel,2435.0,2021-10-29,east
pink morsel,2035.0,2021-10-29,west
pink morsel,2430.0,2021-10-30,north
pink morsel,2180.0,2021-10-30,south
pink morsel,2060.0,2021-10-30,east
pink morsel,2470.0,2021-10-30,west
pink morsel,2400.0,2021-10-31,north
pink morsel,2220.0,2021-10-31,south
pink morsel,2395.0,2021-10-31,east
pink morsel,2120.0,2021-10-31,west
pink morsel,2080.0,2021-11-01,north
pink morsel,2445.0,2021-11-01,south
pink morsel,2415.0,2021-11-01,east
pink morsel,2355.0,2021-11-01,west
pink morsel,2405.0,2021-11-02,north
pink morsel,2120.0,2021-11-02,south
pink morsel,2195.0,2021-11-02,east
pink morsel,2025.0,2021-11-02,west
pink morsel,2305.0,2021-11-03,north
pink morsel,2035.0,2021-11-03,south
pink morsel,2085.0,2021-11-03,east
pink morsel,2285.0,2021-11-03,west
pink morsel,2205.0,2021-11-04,north
pink morsel,2155.0,2021-11-04,south
pink morsel,2105.0,2021-11-04,east
pink morsel,2085.0,2021-11-04,west
pink morsel,2475.0,2021-11-05,north
pink morsel,2425.0,2021-11-05,south
pink morsel,2330.0,2021-11-05,east
pink morsel,2205.0,2021-11-05,west
pink morsel,2235.0,2021-11-06,north
pink morsel,2050.0,2021-11-06,south
pink morsel,2455.0,2021-11-06,east
pink morsel,2065.0,2021-11-06,west
pink morsel,2210.0,2021-11-07,north
pink morsel,2065.0,2021-11-07,south
pink morsel,2215.0,2021-11-07,east
pink morsel,2275.0,2021-11-07,west
pink morsel,2005.0,2021-11-08,north
pink morsel,2120.0,2021-11-08,south
pink morsel,2140.0,2021-11-08,east
pink morsel,2260.0,2021-11-08,west
pink morsel,2165.0,2021-11-09,north
pink morsel,2000.0,2021-11-09,south
pink morsel,2435.0,2021-11-09,east
pink morsel,2250.0,2021-11-09,west
pink morsel,2485.0,2021-11-10,north
pink morsel,2090.0,2021-11-10,south
pink morsel,2025.0,2021-11-10,east
pink morsel,2365.0,2021-11-10,west
pink morsel,2150.0,2021-11-11,north
pink morsel,2160.0,2021-11-11,south
pink morsel,2035.0,2021-11-11,east
pink morsel,2445.0,2021-11-11,west
pink morsel,2350.0,2021-11-12,north
pink morsel,2130.0,2021-11-12,south
pink morsel,2045.0,2021-11-12,east
pink morsel,2490.0,2021-11-12,west
pink morsel,2315.0,2021-11-13,north
pink morsel,2210.0,2021-11-13,south
pink morsel,2345.0,2021-11-13,east
pink morsel,2285.0,2021-11-13,west
pink morsel,2225.0,2021-11-14,north
pink morsel,2190.0,2021-11-14,south
pink morsel,2495.0,2021-11-14,east
pink morsel,2485.0,2021-11-14,west
pink morsel,2105.0,2021-11-15,north
pink morsel,2425.0,2021-11-15,south
pink morsel,2155.0,2021-11-15,east
pink morsel,2495.0,2021-11-15,west
pink morsel,2485.0,2021-11-16,north
pink morsel,2225.0,2021-11-16,south
pink morsel,2315.0,2021-11-16,east
pink morsel,2300.0,2021-11-16,west
pink morsel,2165.0,2021-11-17,north
pink morsel,2240.0,2021-11-17,south
pink morsel,2290.0,2021-11-17,east
pink morsel,2025.0,2021-11-17,west
pink morsel,2080.0,2021-11-18,north
pink morsel,2325.0,2021-11-18,south
pink morsel,2105.0,2021-11-18,east
pink morsel,2245.0,2021-11-18,west
pink morsel,2180.0,2021-11-19,north
pink morsel,2180.0,2021-11-19,south
pink morsel,2345.0,2021-11-19,east
pink morsel,2435.0,2021-11-19,west
pink morsel,2490.0,2021-11-20,north
pink morsel,2160.0,2021-11-20,south
pink morsel,2460.0,2021-11-20,east
pink morsel,2040.0,2021-11-20,west
pink morsel,2010.0,2021-11-21,north
pink morsel,2440.0,2021-11-21,south
pink morsel,2190.0,2021-11-21,east
pink morsel,2365.0,2021-11-21,west
pink morsel,2145.0,2021-11-22,north
pink morsel,2420.0,2021-11-22,south
pink morsel,2200.0,2021-11-22,east
pink morsel,2075.0,2021-11-22,west
pink morsel,2075.0,2021-11-23,north
pink morsel,2450.0,2021-11-23,south
pink morsel,2280.0,2021-11-23,east
pink morsel,2220.0,2021-11-23,west
pink morsel,2410.0,2021-11-24,north
pink morsel,2015.0,2021-11-24,south
pink morsel,2020.0,2021-11-24,east
pink morsel,2060.0,2021-11-24,west
pink morsel,2410.0,2021-11-25,north
pink morsel,2485.0,2021-11-25,south
pink morsel,2445.0,2021-11-25,east
pink morsel,2285.0,2021-11-25,west
pink morsel,2490.0,2021-11-26,north
pink morsel,2215.0,2021-11-26,south
pink morsel,2015.0,2021-11-26,east
pink morsel,2070.0,2021-11-26,west
pink morsel,2170.0,2021-11-27,north
pink morsel,2235.0,2021-11-27,south
pink morsel,2145.0,2021-11-27,east
pink morsel,2370.0,2021-11-27,west
pink morsel,2035.0,2021-11-28,north
pink morsel,2335.0,2021-11-28,south
pink morsel,2390.0,2021-11-28,east
pink morsel,2500.0,2021-11-28,west
pink morsel,2180.0,2021-11-29,north
pink morsel,2495.0,2021-11-29,south
pink morsel,2170.0,2021-11-29,east
pink morsel,2275.0,2021-11-29,west
pink morsel,2265.0,2021-11-30,north
pink morsel,2035.0,2021-11-30,south
pink morsel,2480.0,2021-11-30,east
pink morsel,2390.0,2021-11-30,west
pink morsel,2415.0,2021-12-01,north
pink morsel,2275.0,2021-12-01,south
pink morsel,2100.0,2021-12-01,east
pink morsel,2105.0,2021-12-01,west
pink morsel,2330.0,2021-12-02,north
pink morsel,2170.0,2021-12-02,south
pink morsel,2460.0,2021-12-02,east
pink morsel,2200.0,2021-12-02,west
pink morsel,2225.0,2021-12-03,north
pink morsel,2350.0,2021-12-03,south
pink morsel,2125.0,2021-12-03,east
pink morsel,2245.0,2021-12-03,west
pink morsel,2025.0,2021-12-04,north
pink morsel,2010.0,2021-12-04,south
pink morsel,2005.0,2021-12-04,east
pink morsel,2455.0,2021-12-04,west
pink morsel,2130.0,2021-12-05,north
pink morsel,2445.0,2021-12-05,south
pink morsel,2190.0,2021-12-05,east
pink morsel,2265.0,2021-12-05,west
pink morsel,2380.0,2021-12-06,north
pink morsel,2235.0,2021-12-06,south
pink morsel,2200.0,2021-12-06,east
pink morsel,2200.0,2021-12-06,west
pink morsel,2090.0,2021-12-07,north
pink morsel,2165.0,2021-12-07,south
pink morsel,2300.0,2021-12-07,east
pink morsel,2400.0,2021-12-07,west
pink morsel,2135.0,2021-12-08,north
pink morsel,2315.0,2021-12-08,south
pink morsel,2375.0,2021-12-08,east
pink morsel,2080.0,2021-12-08,west
pink morsel,2270.0,2021-12-09,north
pink morsel,2430.0,2021-12-09,south
pink morsel,2335.0,2021-12-09,east
pink morsel,2065.0,2021-12-09,west
pink morsel,2235.0,2021-12-10,north
pink morsel,2375.0,2021-12-10,south
pink morsel,2400.0,2021-12-10,east
pink morsel,2305.0,2021-12-10,west
pink morsel,2310.0,2021-12-11,north
pink morsel,2155.0,2021-12-11,south
pink morsel,2435.0,2021-12-11,east
pink morsel,2165.0,2021-12-11,west
pink morsel,2225.0,2021-12-12,north
pink morsel,2055.0,2021-12-12,south
pink morsel,2235.0,2021-12-12,east
pink morsel,2295.0,2021-12-12,west
pink morsel,2040.0,2021-12-13,north
pink morsel,2320.0,2021-12-13,south
pink morsel,2110.0,2021-12-13,east
pink morsel,2180.0,2021-12-13,west
pink morsel,2360.0,2021-12-14,north
pink morsel,2420.0,2021-12-14,south
pink morsel,2370.0,2021-12-14,east
pink morsel,2335.0,2021-12-14,west
pink morsel,2485.0,2021-12-15,north
pink morsel,2495.0,2021-12-15,south
pink morsel,2365.0,2021-12-15,east
pink morsel,2155.0,2021-12-15,west
pink morsel,2385.0,2021-12-16,north
pink morsel,2385.0,2021-12-16,south
pink morsel,2435.0,2021-12-16,east
pink morsel,2290.0,2021-12-16,west
pink morsel,2210.0,2021-12-17,north
pink morsel,2085.0,2021-12-17,south
pink morsel,2090.0,2021-12-17,east
pink morsel,2370.0,2021-12-17,west
pink morsel,2145.0,2021-12-18,north
pink morsel,2210.0,2021-12-18,south
pink morsel,2380.0,2021-12-18,east
pink morsel,2455.0,2021-12-18,west
pink morsel,2270.0,2021-12-19,north
pink morsel,2040.0,2021-12-19,south
pink morsel,2180.0,2021-12-19,east
pink morsel,2500.0,2021-12-19,west
pink morsel,2115.0,2021-12-20,north
pink morsel,2325.0,2021-12-20,south
pink morsel,2250.0,2021-12-20,east
pink morsel,2180.0,2021-12-20,west
pink morsel,2330.0,2021-12-21,north
pink morsel,2075.0,2021-12-21,south
pink morsel,2355.0,2021-12-21,east
pink morsel,2355.0,2021-12-21,west
pink morsel,2205.0,2021-12-22,north
pink morsel,2155.0,2021-12-22,south
pink morsel,2010.0,2021-12-22,east
pink morsel,2005.0,2021-12-22,west
pink morsel,2410.0,2021-12-23,north
pink morsel,2265.0,2021-12-23,south
pink morsel,2205.0,2021-12-23,east
pink morsel,2115.0,2021-12-23,west
pink morsel,2050.0,2021-12-24,north
pink morsel,2135.0,2021-12-24,south
pink morsel,2440.0,2021-12-24,east
pink morsel,2360.0,2021-12-24,west
pink morsel,2405.0,2021-12-25,north
pink morsel,2115.0,2021-12-25,south
pink morsel,2085.0,2021-12-25,east
pink morsel,2290.0,2021-12-25,west
pink morsel,2245.0,2021-12-26,north
pink morsel,2460.0,2021-12-26,south
pink morsel,2450.0,2021-12-26,east
pink morsel,2310.0,2021-12-26,west
pink morsel,2370.0,2021-12-27,north
pink morsel,2040.0,2021-12-27,south
pink morsel,2415.0,2021-12-27,east
pink morsel,2015.0,2021-12-27,west
pink morsel,2245.0,2021-12-28,north
pink morsel,2120.0,2021-12-28,south
pink morsel,2415.0,2021-12-28,east
pink morsel,2295.0,2021-12-28,west
pink morsel,2445.0,2021-12-29,north
pink morsel,2215.0,2021-12-29,south
pink morsel,2285.0,2021-12-29,east
pink morsel,2395.0,2021-12-29,west
pink morsel,2435.0,2021-12-30,north
pink morsel,2400.0,2021-12-30,south
pink morsel,2260.0,2021-12-30,east
pink morsel,2315.0,2021-12-30,west
pink morsel,2315.0,2021-12-31,north
pink morsel,2175.0,2021-12-31,south
pink morsel,2295.0,2021-12-31,east
pink morsel,2055.0,2021-12-31,west
pink morsel,2130.0,2022-01-01,north
pink morsel,2480.0,2022-01-01,south
pink morsel,2190.0,2022-01-01,east
pink morsel,2170.0,2022-01-01,west
pink morsel,2160.0,2022-01-02,north
pink morsel,2120.0,2022-01-02,south
pink morsel,2110.0,2022-01-02,east
pink morsel,2080.0,2022-01-02,west
pink morsel,2050.0,2022-01-03,north
pink morsel,2150.0,2022-01-03,south
pink morsel,2440.0,2022-01-03,east
pink morsel,2055.0,2022-01-03,west
pink morsel,2405.0,2022-01-04,north
pink morsel,2020.0,2022-01-04,south
pink morsel,2010.0,2022-01-04,east
pink morsel,2005.0,2022-01-04,west
pink morsel,2480.0,2022-01-05,north
pink morsel,2360.0,2022-01-05,south
pink morsel,2025.0,2022-01-05,east
pink morsel,2275.0,2022-01-05,west
pink morsel,2245.0,2022-01-06,north
pink morsel,2060.0,2022-01-06,south
pink morsel,2290.0,2022-01-06,east
pink morsel,2205.0,2022-01-06,west
pink morsel,2065.0,2022-01-07,north
pink morsel,2050.0,2022-01-07,south
pink morsel,2180.0,2022-01-07,east
pink morsel,2135.0,2022-01-07,west
pink morsel,2370.0,2022-01-08,north
pink morsel,2245.0,2022-01-08,south
pink morsel,2070.0,2022-01-08,east
pink morsel,2395.0,2022-01-08,west
pink morsel,2490.0,2022-01-09,north
pink morsel,2105.0,2022-01-09,south
pink morsel,2335.0,2022-01-09,east
pink morsel,2250.0,2022-01-09,west
pink morsel,2240.0,2022-01-10,north
pink morsel,2090.0,2022-01-10,south
pink morsel,2370.0,2022-01-10,east
pink morsel,2315.0,2022-01-10,west
pink morsel,2000.0,2022-01-11,north
pink morsel,2075.0,2022-01-11,south
pink morsel,2305.0,2022-01-11,east
pink morsel,2145.0,2022-01-11,west
pink morsel,2050.0,2022-01-12,north
pink morsel,2260.0,2022-01-12,south
pink morsel,2095.0,2022-01-12,east
pink morsel,2500.0,2022-01-12,west
pink morsel,2260.0,2022-01-13,north
pink morsel,2365.0,2022-01-13,south
pink morsel,2485.0,2022-01-13,east
pink morsel,2180.0,2022-01-13,west
pink morsel,2245.0,2022-01-14,north
pink morsel,2225.0,2022-01-14,south
pink morsel,2080.0,2022-01-14,east
pink morsel,2250.0,2022-01-14,west
pink morsel,2115.0,2022-01-15,north
pink morsel,2145.0,2022-01-15,south
pink morsel,2130.0,2022-01-15,east
pink morsel,2120.0,2022-01-15,west
pink morsel,2315.0,2022-01-16,north
pink morsel,2410.0,2022-01-16,south
pink morsel,2290.0,2022-01-16,east
pink morsel,2150.0,2022-01-16,west
pink morsel,2295.0,2022-01-17,north
pink morsel,2015.0,2022-01-17,south
pink morsel,2070.0,2022-01-17,east
pink morsel,2095.0,2022-01-17,west
pink morsel,2045.0,2022-01-18,north
pink morsel,2125.0,2022-01-18,south
pink morsel,2085.0,2022-01-18,east
pink morsel,2095.0,2022-01-18,west
pink morsel,2295.0,2022-01-19,north
pink morsel,2265.0,2022-01-19,south
pink morsel,2040.0,2022-01-19,east
pink morsel,2200.0,2022-01-19,west
pink morsel,2415.0,2022-01-20,north
pink morsel,2435.0,2022-01-20,south
pink morsel,2160.0,2022-01-20,east
pink morsel,2210.0,2022-01-20,west
pink morsel,2295.0,2022-01-21,north
pink morsel,2405.0,2022-01-21,south
pink morsel,2380.0,2022-01-21,east
pink morsel,2360.0,2022-01-21,west
pink morsel,2080.0,2022-01-22,north
pink morsel,2220.0,2022-01-22,south
pink morsel,2495.0,2022-01-22,east
pink morsel,2500.0,2022-01-22,west
pink morsel,2170.0,2022-01-23,north
pink morsel,2135.0,2022-01-23,south
pink morsel,2205.0,2022-01-23,east
pink morsel,2445.0,2022-01-23,west
pink morsel,2195.0,2022-01-24,north
pink morsel,2375.0,2022-01-24,south
pink morsel,2370.0,2022-01-24,east
pink morsel,2410.0,2022-01-24,west
pink morsel,2470.0,2022-01-25,north
pink morsel,2370.0,2022-01-25,south
pink morsel,2110.0,2022-01-25,east
pink morsel,2480.0,2022-01-25,west
pink morsel,2085.0,2022-01-26,north
pink morsel,2320.0,2022-01-26,south
pink morsel,2075.0,2022-01-26,east
pink morsel,2485.0,2022-01-26,west
pink morsel,2165.0,2022-01-27,north
pink morsel,2400.0,2022-01-27,south
pink morsel,2055.0,2022-01-27,east
pink morsel,2435.0,2022-01-27,west
pink morsel,2380.0,2022-01-28,north
pink morsel,2410.0,2022-01-28,south
pink morsel,2240.0,2022-01-28,east
pink morsel,2450.0,2022-01-28,west
pink morsel,2190.0,2022-01-29,north
pink morsel,2345.0,2022-01-29,south
pink morsel,2290.0,2022-01-29,east
pink morsel,2380.0,2022-01-29,west
pink morsel,2145.0,2022-01-30,north
pink morsel,2150.0,2022-01-30,south
pink morsel,2500.0,2022-01-30,east
pink morsel,2305.0,2022-01-30,west
pink morsel,2045.0,2022-01-31,north
pink morsel,2375.0,2022-01-31,south
pink morsel,2040.0,2022-01-31,east
pink morsel,2055.0,2022-01-31,west
pink morsel,2405.0,2022-02-01,north
pink morsel,2310.0,2022-02-01,south
pink morsel,2405.0,2022-02-01,east
pink morsel,2420.0,2022-02-01,west
pink morsel,2160.0,2022-02-02,north
pink morsel,2485.0,2022-02-02,south
pink morsel,2375.0,2022-02-02,east
pink morsel,2435.0,2022-02-02,west
pink morsel,2125.0,2022-02-03,north
pink morsel,2185.0,2022-02-03,south
pink morsel,2090.0,2022-02-03,east
pink morsel,2115.0,2022-02-03,west
pink morsel,2035.0,2022-02-04,north
pink morsel,2215.0,2022-02-04,south
pink morsel,2010.0,2022-02-04,east
pink morsel,2190.0,2022-02-04,west
pink morsel,2070.0,2022-02-05,north
pink morsel,2000.0,2022-02-05,south
pink morsel,2130.0,2022-02-05,east
pink morsel,2235.0,2022-02-05,west
pink morsel,2250.0,2022-02-06,north
pink morsel,2365.0,2022-02-06,south
pink morsel,2020.0,2022-02-06,east
pink morsel,2215.0,2022-02-06,west
pink morsel,2290.0,2022-02-07,north
pink morsel,2145.0,2022-02-07,south
pink morsel,2255.0,2022-02-07,east
pink morsel,2265.0,2022-02-07,west
pink morsel,2375.0,2022-02-08,north
pink morsel,2360.0,2022-02-08,south
pink morsel,2430.0,2022-02-08,east
pink morsel,2330.0,2022-02-08,west
pink morsel,2290.0,2022-02-09,north
pink morsel,2435.0,2022-02-09,south
pink morsel,2225.0,2022-02-09,east
pink morsel,2255.0,2022-02-09,west
pink morsel,2275.0,2022-02-10,north
pink morsel,2310.0,2022-02-10,south
pink morsel,2070.0,2022-02-10,east
pink morsel,2445.0,2022-02-10,west
pink morsel,2405.0,2022-02-11,north
pink morsel,2030.0,2022-02-11,south
pink morsel,2470.0,2022-02-11,east
pink morsel,2265.0,2022-02-11,west
pink morsel,2245.0,2022-02-12,north
pink morsel,2490.0,2022-02-12,south
pink morsel,2110.0,2022-02-12,east
pink morsel,2085.0,2022-02-12,west
pink morsel,2425.0,2022-02-13,north
pink morsel,2245.0,2022-02-13,south
pink morsel,2500.0,2022-02-13,east
pink morsel,2390.0,2022-02-13,west
pink morsel,2035.0,2022-02-14,north
pink morsel,2465.0,2022-02-14,south
pink morsel,2500.0,2022-02-14,east
pink morsel,2115.0,2022-02-14,west
